-- --------------------------------------------------------
-- Host:                         10.77.76.95
-- Versión del servidor:         Microsoft SQL Server 2019 (RTM-CU8-GDR) (KB4583459) - 15.0.4083.2
-- SO del servidor:              Linux (Ubuntu 18.04.5 LTS) <X64>
-- HeidiSQL Versión:             11.2.0.6213
-- --------------------------------------------------------

/*!40101 SET @OLD_CHARACTER_SET_CLIENT=@@CHARACTER_SET_CLIENT */;
/*!40101 SET NAMES  */;
/*!40014 SET @OLD_FOREIGN_KEY_CHECKS=@@FOREIGN_KEY_CHECKS, FOREIGN_KEY_CHECKS=0 */;
/*!40101 SET @OLD_SQL_MODE=@@SQL_MODE, SQL_MODE='NO_AUTO_VALUE_ON_ZERO' */;
/*!40111 SET @OLD_SQL_NOTES=@@SQL_NOTES, SQL_NOTES=0 */;


-- Volcando estructura de base de datos para bpssgestion
CREATE DATABASE IF NOT EXISTS "bpssgestion";
USE "bpssgestion";

-- Volcando estructura para procedimiento bpssgestion.actDocumentoBloquear
DELIMITER //
CREATE PROCEDURE actDocumentoBloquear
@documentoid BIGINT
AS
BEGIN
	UPDATE [bpssgestion].[dbo].documento SET bloqueado = 1, documentoEstadoId = 2 WHERE documentoid = @documentoid
	SELECT 1
END //
DELIMITER ;

-- Volcando estructura para procedimiento bpssgestion.actDocumentoDescripcionAgregar
DELIMITER //
CREATE PROCEDURE actDocumentoDescripcionAgregar
@documentoid BIGINT,
@documentodescripcionid BIGINT,
@documentodescripcionnotas VARCHAR(MAX)
AS
BEGIN
	DECLARE @bloqueado BIGINT
	DECLARE @conteo BIGINT
	DECLARE @respuesta1 BIGINT
	DECLARE @respuesta2 VARCHAR(MAX)
	DECLARE @respuesta3 VARCHAR(MAX) 
	SELECT @bloqueado = d.bloqueado FROM [bpssgestion].[dbo].documento d WHERE d.documentoid = @documentoid
	IF (@bloqueado = 0)
	BEGIN 

		SELECT @conteo = COUNT(reld.documentoid) FROM [bpssgestion].[dbo].relDocumentoDescripcion reld WHERE reld.documentoid = @documentoid AND reld.documentodescripcionid = @documentodescripcionid
		IF (@conteo = 0)
		BEGIN 
			INSERT INTO [bpssgestion].[dbo].relDocumentoDescripcion VALUES (@documentoid, @documentodescripcionid, @documentodescripcionnotas)
			SELECT @respuesta1 = @documentodescripcionid 
			SELECT @respuesta2 = doc.documentodescripcion FROM [bpssgestion].[dbo].DocumentoDescripcion doc WHERE doc.documentodescripcionid = @documentodescripcionid
			SELECT @respuesta3 = @documentodescripcionnotas
			SELECT @respuesta1, @respuesta2, @respuesta3
		END 
		ELSE 
		BEGIN
			SELECT @respuesta1 = -1
			SELECT @respuesta2 = '-'
			SELECT @respuesta3 = '-'
			SELECT @respuesta1, @respuesta2, @respuesta3
		END 
	END 
	ELSE 
	BEGIN 
		SELECT @respuesta1 = -2
		SELECT @respuesta2 = '-'
		SELECT @respuesta3 = '-'
		SELECT @respuesta1, @respuesta2, @respuesta3
	END 
END //
DELIMITER ;

-- Volcando estructura para procedimiento bpssgestion.actDocumentoDescripcionBorrar
DELIMITER //
CREATE PROCEDURE actDocumentoDescripcionBorrar
@documentoid BIGINT,
@documentodescripcionid BIGINT
AS
BEGIN
	DECLARE @respuesta BIGINT 
	DELETE FROM [bpssgestion].[dbo].relDocumentoDescripcion WHERE documentoid = @documentoid AND documentodescripcionid = @documentodescripcionid
	SELECT @respuesta = 1
	SELECT @respuesta
END //
DELIMITER ;

-- Volcando estructura para tabla bpssgestion.area
CREATE TABLE IF NOT EXISTS "area" (
	"areaid" BIGINT NOT NULL DEFAULT 'NULL',
	"area" VARCHAR(50) NULL DEFAULT 'NULL' COLLATE 'SQL_Latin1_General_CP1_CI_AS',
	PRIMARY KEY ("areaid")
);

-- Volcando datos para la tabla bpssgestion.area: -1 rows
/*!40000 ALTER TABLE "area" DISABLE KEYS */;
INSERT INTO "area" ("areaid", "area") VALUES
	(1, 'Ntra. Sra. del Pilar (A1)'),
	(2, 'Ntra. Sra. del Rosario (A2)'),
	(3, 'Ntra. Sra. de Mercedes (A3)'),
	(4, 'Ntra. Sra. de los Dolores (A4)'),
	(5, 'Ntra. Sra. de Itatí (A5)'),
	(6, 'Ntra. Sra. de Loreto (A6)'),
	(7, 'Ntra. Sra. de Luján (A7)'),
	(8, 'Ntra. Sra. de Torreciudad (A8)'),
	(9, 'Ntra. Sra. de La Paz (A9)'),
	(10, 'Ntra. Sra. de Fátima (10)'),
	(11, 'Ntra. Sra. de Lourdes (11)'),
	(12, 'Ntra. Sra. de La Asunción (A12)'),
	(13, 'Ntra. Sra. del Carmen (A13)'),
	(14, 'Prueba');
/*!40000 ALTER TABLE "area" ENABLE KEYS */;

-- Volcando estructura para procedimiento bpssgestion.checkDocumentoBloqueado
DELIMITER //
CREATE PROCEDURE checkDocumentoBloqueado
@documentoid BIGINT
AS
BEGIN
	DECLARE @bloqueado BIGINT
	SELECT @bloqueado = d.bloqueado FROM [bpssgestion].[dbo].documento d WHERE d.documentoid = @documentoid
	SELECT @bloqueado
END 
//
DELIMITER ;

-- Volcando estructura para tabla bpssgestion.documento
CREATE TABLE IF NOT EXISTS "documento" (
	"documentoid" BIGINT NOT NULL DEFAULT 'NULL',
	"documentoTipoId" BIGINT NULL DEFAULT 'NULL',
	"documentoEstadoId" BIGINT NULL DEFAULT 'NULL',
	"fecha" DATETIME NOT NULL DEFAULT 'NULL',
	"areaId" BIGINT NULL DEFAULT 'NULL',
	"loteId" BIGINT NULL DEFAULT 'NULL',
	"bloqueado" BIGINT NULL DEFAULT 'NULL',
	"accionusuarioid" BIGINT NULL DEFAULT 'NULL',
	"accionfecha" DATETIME NULL DEFAULT 'NULL',
	FOREIGN KEY INDEX "FK__usuario" ("accionusuarioid"),
	PRIMARY KEY ("documentoid"),
	FOREIGN KEY INDEX "FK__documentoTipo" ("documentoTipoId"),
	FOREIGN KEY INDEX "FK__documentoEstado" ("documentoEstadoId"),
	CONSTRAINT "FK__usuario" FOREIGN KEY ("accionusuarioid") REFERENCES "usuario" ("usuarioid") ON UPDATE NO_ACTION ON DELETE NO_ACTION,
	CONSTRAINT "FK__documentoTipo" FOREIGN KEY ("documentoTipoId") REFERENCES "documentoTipo" ("documentotipoid") ON UPDATE NO_ACTION ON DELETE NO_ACTION,
	CONSTRAINT "FK__documentoEstado" FOREIGN KEY ("documentoEstadoId") REFERENCES "documentoEstado" ("documentoEstadoId") ON UPDATE NO_ACTION ON DELETE NO_ACTION
);

-- Volcando datos para la tabla bpssgestion.documento: -1 rows
/*!40000 ALTER TABLE "documento" DISABLE KEYS */;
INSERT INTO "documento" ("documentoid", "documentoTipoId", "documentoEstadoId", "fecha", "areaId", "loteId", "bloqueado", "accionusuarioid", "accionfecha") VALUES
	(1, 1, 2, '1945-09-02 00:00:00.000', 14, 1, 1, 0, '1945-09-02 00:00:00.000'),
	(2, 1, 2, '2021-02-17 11:42:30.980', 14, 1, 1, 0, '2021-02-17 11:42:30.980'),
	(3, 1, 1, '2021-02-17 11:47:30.130', 14, 1, 0, 0, '2021-02-17 11:47:30.130'),
	(4, 1, 2, '2021-03-02 14:50:05.830', 14, 1, 1, 0, '2021-03-02 14:50:05.830'),
	(5, 1, 2, '2021-03-02 16:30:07.983', 14, 1, 1, 0, '2021-03-02 16:30:07.983'),
	(6, 1, 1, '2021-03-02 16:59:37.297', 14, 1, 0, 0, '2021-03-02 16:59:37.300'),
	(7, 1, 2, '2021-03-02 17:00:45.630', 14, 1, 1, 0, '2021-03-02 17:00:45.630'),
	(8, 1, 1, '2021-03-02 17:05:07.097', 14, 1, 0, 0, '2021-03-02 17:05:07.100'),
	(9, 1, 1, '2021-03-02 17:08:02.083', 14, 1, 0, 0, '2021-03-02 17:08:02.087'),
	(10, 1, 1, '2021-03-03 14:48:55.503', 14, 1, 0, 0, '2021-03-03 14:48:55.507'),
	(11, 1, 1, '2021-03-03 14:49:46.723', 14, 1, 0, 0, '2021-03-03 14:49:46.723'),
	(12, 1, 1, '2021-03-03 14:53:44.003', 14, 1, 0, 0, '2021-03-03 14:53:44.003'),
	(13, 1, 1, '2021-03-04 17:28:46.210', 14, 1, 0, 0, '2021-03-04 17:28:46.213'),
	(14, 1, 2, '2021-03-09 09:44:32.983', 14, 2, 1, 0, '2021-03-09 09:44:32.983'),
	(15, 1, 1, '2021-03-22 09:13:49.760', 14, 1, 0, 0, '2021-03-22 09:13:49.760'),
	(16, 1, 2, '2021-03-22 09:43:37.703', 14, 2, 1, 0, '2021-03-22 09:43:37.703');
/*!40000 ALTER TABLE "documento" ENABLE KEYS */;

-- Volcando estructura para tabla bpssgestion.documentoDescripcion
CREATE TABLE IF NOT EXISTS "documentoDescripcion" (
	"documentoDescripcionId" BIGINT NOT NULL DEFAULT 'NULL',
	"documentoDescripcion" VARCHAR(255) NULL DEFAULT 'NULL' COLLATE 'SQL_Latin1_General_CP1_CI_AS',
	PRIMARY KEY ("documentoDescripcionId")
);

-- Volcando datos para la tabla bpssgestion.documentoDescripcion: -1 rows
/*!40000 ALTER TABLE "documentoDescripcion" DISABLE KEYS */;
INSERT INTO "documentoDescripcion" ("documentoDescripcionId", "documentoDescripcion") VALUES
	(1, 'CERCO PERIMETRAL DEFINITIVO'),
	(2, 'CERCO DE OBRA'),
	(3, 'PORTON DE ACCESO'),
	(4, 'OBRADOR'),
	(5, 'BAÑO QUIMICO'),
	(6, 'CONEXION DE AGUA'),
	(7, 'CONEXION ELECTRICA'),
	(8, 'RAMPA DE ACCESO'),
	(9, 'CESTO DE RESIDUOS OBRA'),
	(10, 'CONTROL DE RETIROS Y N.P.T. DE CIMIENTOS'),
	(11, 'CONSTRICCION FUERA DE REGLAMENTO'),
	(12, 'ILUMINACION DE OBRA'),
	(13, 'CARTEL DE OBRA CON Nº DE EXPEDIENTE'),
	(14, 'CORTE DE PASTO'),
	(15, 'QUEMA DE BASURA'),
	(16, 'CAMION FUERA DE RAMPA O EN LOTE VECINO'),
	(17, 'LIMPIEZA DE OBRA'),
	(18, 'ACOPIOS MATERIALES'),
	(19, 'VOLQUETES'),
	(20, 'CALLE Y VEREDA'),
	(21, 'PILETA');
/*!40000 ALTER TABLE "documentoDescripcion" ENABLE KEYS */;

-- Volcando estructura para tabla bpssgestion.documentoEstado
CREATE TABLE IF NOT EXISTS "documentoEstado" (
	"documentoEstadoId" BIGINT NOT NULL DEFAULT 'NULL',
	"documentoEstado" VARCHAR(255) NULL DEFAULT 'NULL' COLLATE 'SQL_Latin1_General_CP1_CI_AS',
	PRIMARY KEY ("documentoEstadoId")
);

-- Volcando datos para la tabla bpssgestion.documentoEstado: -1 rows
/*!40000 ALTER TABLE "documentoEstado" DISABLE KEYS */;
INSERT INTO "documentoEstado" ("documentoEstadoId", "documentoEstado") VALUES
	(1, 'Borrador'),
	(2, 'Aprobado'),
	(3, 'En Gestión'),
	(4, 'A Cobrar'),
	(5, 'Cobrado'),
	(6, 'Cancelado');
/*!40000 ALTER TABLE "documentoEstado" ENABLE KEYS */;

-- Volcando estructura para tabla bpssgestion.documentoTipo
CREATE TABLE IF NOT EXISTS "documentoTipo" (
	"documentotipoid" BIGINT NOT NULL DEFAULT 'NULL',
	"documentotipo" VARCHAR(255) NOT NULL DEFAULT '''''' COLLATE 'SQL_Latin1_General_CP1_CI_AS',
	PRIMARY KEY ("documentotipoid")
);

-- Volcando datos para la tabla bpssgestion.documentoTipo: -1 rows
/*!40000 ALTER TABLE "documentoTipo" DISABLE KEYS */;
INSERT INTO "documentoTipo" ("documentotipoid", "documentotipo") VALUES
	(1, 'Acta'),
	(2, 'Multa');
/*!40000 ALTER TABLE "documentoTipo" ENABLE KEYS */;

-- Volcando estructura para tabla bpssgestion.lote
CREATE TABLE IF NOT EXISTS "lote" (
	"loteid" BIGINT NOT NULL DEFAULT 'NULL',
	"areaid" BIGINT NOT NULL DEFAULT 'NULL',
	"lote" VARCHAR(10) NOT NULL DEFAULT '''''' COLLATE 'SQL_Latin1_General_CP1_CI_AS',
	PRIMARY KEY ("loteid"),
	FOREIGN KEY INDEX "FK__area" ("areaid"),
	CONSTRAINT "FK__area" FOREIGN KEY ("areaid") REFERENCES "area" ("areaid") ON UPDATE NO_ACTION ON DELETE NO_ACTION
);

-- Volcando datos para la tabla bpssgestion.lote: -1 rows
/*!40000 ALTER TABLE "lote" DISABLE KEYS */;
INSERT INTO "lote" ("loteid", "areaid", "lote") VALUES
	(1, 14, 'Prueba'),
	(2, 14, 'Prueba 2'),
	(3, 14, 'Prueba 3'),
	(4, 14, 'Prueba 4'),
	(10, 1, '0'),
	(11, 1, '1'),
	(12, 1, '2'),
	(13, 1, '3'),
	(14, 1, '4'),
	(15, 1, '5'),
	(16, 1, '6'),
	(17, 1, '7'),
	(18, 1, '8'),
	(19, 1, '9'),
	(20, 2, '0'),
	(21, 2, '1'),
	(22, 2, '2'),
	(23, 2, '3'),
	(24, 2, '4'),
	(25, 2, '5'),
	(26, 2, '6'),
	(27, 2, '7'),
	(28, 2, '8'),
	(29, 2, '9'),
	(30, 3, '0'),
	(40, 4, '0'),
	(50, 5, '0'),
	(51, 5, '1'),
	(52, 5, '2'),
	(53, 5, '3'),
	(54, 5, '4'),
	(55, 5, '5'),
	(56, 5, '6'),
	(57, 5, '7'),
	(58, 5, '8'),
	(59, 5, '9'),
	(60, 6, '0'),
	(61, 6, '1'),
	(62, 6, '2'),
	(63, 6, '3'),
	(64, 6, '4'),
	(65, 6, '5'),
	(66, 6, '6'),
	(67, 6, '7'),
	(68, 6, '8'),
	(69, 6, '9'),
	(70, 7, '0'),
	(71, 7, '1'),
	(72, 7, '2'),
	(73, 7, '3'),
	(74, 7, '4'),
	(75, 7, '5'),
	(76, 7, '6'),
	(77, 7, '7'),
	(78, 7, '8'),
	(79, 7, '9'),
	(80, 8, '0'),
	(81, 8, '1'),
	(82, 8, '2'),
	(83, 8, '3'),
	(84, 8, '4'),
	(85, 8, '5'),
	(86, 8, '6'),
	(87, 8, '7'),
	(88, 8, '8'),
	(89, 8, '9'),
	(90, 9, '0'),
	(91, 9, '1'),
	(92, 9, '2'),
	(93, 9, '3'),
	(94, 9, '4'),
	(95, 9, '5'),
	(96, 9, '6'),
	(97, 9, '7'),
	(98, 9, '8'),
	(99, 9, '9'),
	(100, 10, '0'),
	(101, 10, '1'),
	(102, 10, '2'),
	(103, 10, '3'),
	(104, 10, '4'),
	(105, 10, '5'),
	(106, 10, '6'),
	(107, 10, '7'),
	(108, 10, '8'),
	(109, 10, '9'),
	(110, 1, '10'),
	(111, 1, '11'),
	(112, 1, '12'),
	(113, 1, '13'),
	(114, 1, '14'),
	(115, 1, '15'),
	(116, 1, '16'),
	(117, 1, '17'),
	(118, 1, '18'),
	(119, 1, '19'),
	(120, 1, '20'),
	(121, 1, '21'),
	(122, 1, '22'),
	(123, 1, '23'),
	(124, 1, '24'),
	(125, 1, '25'),
	(126, 1, '26'),
	(127, 1, '27'),
	(128, 1, '28'),
	(129, 1, '29'),
	(130, 1, '30'),
	(131, 1, '31'),
	(132, 1, '32'),
	(133, 1, '33'),
	(134, 1, '34'),
	(135, 1, '35'),
	(136, 1, '36'),
	(137, 1, '37'),
	(138, 1, '38'),
	(139, 1, '39'),
	(140, 1, '40'),
	(141, 1, '41'),
	(142, 1, '42'),
	(143, 1, '43'),
	(144, 1, '44'),
	(145, 1, '45'),
	(146, 1, '46'),
	(147, 1, '47'),
	(148, 1, '48'),
	(149, 1, '49'),
	(150, 1, '50'),
	(151, 1, '51'),
	(152, 1, '52'),
	(153, 1, '53'),
	(154, 1, '54'),
	(155, 1, '55'),
	(156, 1, '56'),
	(157, 1, '57'),
	(158, 1, '58'),
	(159, 1, '59'),
	(160, 1, '60'),
	(161, 1, '61'),
	(162, 1, '62'),
	(163, 1, '63'),
	(164, 1, '64'),
	(165, 1, '65'),
	(166, 1, '66'),
	(167, 1, '67'),
	(168, 1, '68'),
	(169, 1, '69'),
	(170, 1, '70'),
	(171, 1, '71'),
	(172, 1, '72'),
	(173, 1, '73'),
	(174, 1, '74'),
	(175, 1, '75'),
	(176, 1, '76'),
	(177, 1, '77'),
	(178, 1, '78'),
	(179, 1, '79'),
	(180, 1, '80'),
	(181, 1, '81'),
	(182, 1, '82'),
	(183, 1, '83'),
	(184, 1, '84'),
	(185, 1, '85'),
	(186, 1, '86'),
	(187, 1, '87'),
	(188, 1, '88'),
	(189, 1, '89'),
	(190, 1, '90'),
	(191, 1, '91'),
	(192, 1, '92'),
	(193, 1, '93'),
	(194, 1, '94'),
	(195, 1, '95'),
	(196, 1, '96'),
	(197, 1, '97'),
	(198, 1, '98'),
	(199, 1, '99'),
	(210, 2, '10'),
	(211, 2, '11'),
	(212, 2, '12'),
	(213, 2, '13'),
	(214, 2, '14'),
	(215, 2, '15'),
	(216, 2, '16'),
	(217, 2, '17'),
	(218, 2, '18'),
	(219, 2, '19'),
	(220, 2, '20'),
	(221, 2, '21'),
	(222, 2, '22'),
	(223, 2, '23'),
	(224, 2, '24'),
	(225, 2, '25'),
	(226, 2, '26'),
	(227, 2, '27'),
	(228, 2, '28'),
	(229, 2, '29'),
	(230, 2, '30'),
	(231, 2, '31'),
	(232, 2, '32'),
	(233, 2, '33'),
	(234, 2, '34'),
	(235, 2, '35'),
	(236, 2, '36'),
	(237, 2, '37'),
	(238, 2, '38'),
	(239, 2, '39'),
	(240, 2, '40'),
	(241, 2, '41'),
	(242, 2, '42'),
	(243, 2, '43'),
	(244, 2, '44'),
	(245, 2, '45'),
	(246, 2, '46'),
	(247, 2, '47'),
	(248, 2, '48'),
	(249, 2, '49'),
	(250, 2, '50'),
	(251, 2, '51'),
	(252, 2, '52'),
	(253, 2, '53'),
	(254, 2, '54'),
	(255, 2, '55'),
	(256, 2, '56'),
	(257, 2, '57'),
	(258, 2, '58'),
	(259, 2, '59'),
	(260, 2, '60'),
	(261, 2, '61'),
	(262, 2, '62'),
	(263, 2, '63'),
	(264, 2, '64'),
	(265, 2, '65'),
	(266, 2, '66'),
	(267, 2, '67'),
	(268, 2, '68'),
	(269, 2, '69'),
	(270, 2, '70'),
	(271, 2, '71'),
	(272, 2, '72'),
	(273, 2, '73'),
	(274, 2, '74'),
	(275, 2, '75'),
	(276, 2, '76'),
	(277, 2, '77'),
	(278, 2, '78'),
	(279, 2, '79'),
	(280, 2, '80'),
	(281, 2, '81'),
	(282, 2, '82'),
	(283, 2, '83'),
	(284, 2, '84'),
	(285, 2, '85'),
	(286, 2, '86'),
	(287, 2, '87'),
	(288, 2, '88'),
	(289, 2, '89'),
	(290, 2, '90'),
	(291, 2, '91'),
	(292, 2, '92'),
	(293, 2, '93'),
	(294, 2, '94'),
	(295, 2, '95'),
	(296, 2, '96'),
	(297, 2, '97'),
	(298, 2, '98'),
	(299, 2, '99'),
	(510, 5, '10'),
	(511, 5, '11'),
	(512, 5, '12'),
	(513, 5, '13'),
	(514, 5, '14'),
	(515, 5, '15'),
	(516, 5, '16'),
	(517, 5, '17'),
	(518, 5, '18'),
	(519, 5, '19'),
	(520, 5, '20'),
	(521, 5, '21'),
	(522, 5, '22'),
	(523, 5, '23'),
	(524, 5, '24'),
	(525, 5, '25'),
	(526, 5, '26'),
	(527, 5, '27'),
	(528, 5, '28'),
	(529, 5, '29'),
	(530, 5, '30'),
	(531, 5, '31'),
	(532, 5, '32'),
	(533, 5, '33'),
	(534, 5, '34'),
	(535, 5, '35'),
	(536, 5, '36'),
	(537, 5, '37'),
	(538, 5, '38'),
	(539, 5, '39'),
	(540, 5, '40'),
	(541, 5, '41'),
	(542, 5, '42'),
	(543, 5, '43'),
	(544, 5, '44'),
	(545, 5, '45'),
	(546, 5, '46'),
	(547, 5, '47'),
	(548, 5, '48'),
	(549, 5, '49'),
	(550, 5, '50'),
	(551, 5, '51'),
	(552, 5, '52'),
	(553, 5, '53'),
	(554, 5, '54'),
	(555, 5, '55'),
	(556, 5, '56'),
	(557, 5, '57'),
	(558, 5, '58'),
	(559, 5, '59'),
	(560, 5, '60'),
	(561, 5, '61'),
	(562, 5, '62'),
	(563, 5, '63'),
	(564, 5, '64'),
	(565, 5, '65'),
	(566, 5, '66'),
	(567, 5, '67'),
	(568, 5, '68'),
	(569, 5, '69'),
	(570, 5, '70'),
	(571, 5, '71'),
	(572, 5, '72'),
	(573, 5, '73'),
	(574, 5, '74'),
	(575, 5, '75'),
	(576, 5, '76'),
	(577, 5, '77'),
	(578, 5, '78'),
	(579, 5, '79'),
	(580, 5, '80'),
	(581, 5, '81'),
	(582, 5, '82'),
	(583, 5, '83'),
	(584, 5, '84'),
	(585, 5, '85'),
	(586, 5, '86'),
	(587, 5, '87'),
	(588, 5, '88'),
	(589, 5, '89'),
	(590, 5, '90'),
	(591, 5, '91'),
	(592, 5, '92'),
	(593, 5, '93'),
	(594, 5, '94'),
	(595, 5, '95'),
	(596, 5, '96'),
	(597, 5, '97'),
	(598, 5, '98'),
	(599, 5, '99'),
	(610, 6, '10'),
	(611, 6, '11'),
	(612, 6, '12'),
	(613, 6, '13'),
	(614, 6, '14'),
	(615, 6, '15'),
	(616, 6, '16'),
	(617, 6, '17'),
	(618, 6, '18'),
	(619, 6, '19'),
	(620, 6, '20'),
	(621, 6, '21'),
	(622, 6, '22'),
	(623, 6, '23'),
	(624, 6, '24'),
	(625, 6, '25'),
	(626, 6, '26'),
	(627, 6, '27'),
	(628, 6, '28'),
	(629, 6, '29'),
	(630, 6, '30'),
	(631, 6, '31'),
	(632, 6, '32'),
	(633, 6, '33'),
	(634, 6, '34'),
	(635, 6, '35'),
	(636, 6, '36'),
	(637, 6, '37'),
	(638, 6, '38'),
	(639, 6, '39'),
	(640, 6, '40'),
	(641, 6, '41'),
	(642, 6, '42'),
	(643, 6, '43'),
	(644, 6, '44'),
	(645, 6, '45'),
	(646, 6, '46'),
	(647, 6, '47'),
	(648, 6, '48'),
	(649, 6, '49'),
	(650, 6, '50'),
	(651, 6, '51'),
	(652, 6, '52'),
	(653, 6, '53'),
	(654, 6, '54'),
	(655, 6, '55'),
	(656, 6, '56'),
	(657, 6, '57'),
	(658, 6, '58'),
	(659, 6, '59'),
	(660, 6, '60'),
	(661, 6, '61'),
	(662, 6, '62'),
	(663, 6, '63'),
	(664, 6, '64'),
	(665, 6, '65'),
	(666, 6, '66'),
	(667, 6, '67'),
	(668, 6, '68'),
	(669, 6, '69'),
	(670, 6, '70'),
	(671, 6, '71'),
	(672, 6, '72'),
	(673, 6, '73'),
	(674, 6, '74'),
	(675, 6, '75'),
	(676, 6, '76'),
	(677, 6, '77'),
	(678, 6, '78'),
	(679, 6, '79'),
	(680, 6, '80'),
	(681, 6, '81'),
	(682, 6, '82'),
	(683, 6, '83'),
	(684, 6, '84'),
	(685, 6, '85'),
	(686, 6, '86'),
	(687, 6, '87'),
	(688, 6, '88'),
	(689, 6, '89'),
	(690, 6, '90'),
	(691, 6, '91'),
	(692, 6, '92'),
	(693, 6, '93'),
	(694, 6, '94'),
	(695, 6, '95'),
	(696, 6, '96'),
	(697, 6, '97'),
	(698, 6, '98'),
	(699, 6, '99'),
	(710, 7, '10'),
	(711, 7, '11'),
	(712, 7, '12'),
	(713, 7, '13'),
	(714, 7, '14'),
	(715, 7, '15'),
	(716, 7, '16'),
	(717, 7, '17'),
	(718, 7, '18'),
	(719, 7, '19'),
	(720, 7, '20'),
	(721, 7, '21'),
	(722, 7, '22'),
	(723, 7, '23'),
	(724, 7, '24'),
	(725, 7, '25'),
	(726, 7, '26'),
	(727, 7, '27'),
	(728, 7, '28'),
	(729, 7, '29'),
	(730, 7, '30'),
	(731, 7, '31'),
	(732, 7, '32'),
	(733, 7, '33'),
	(734, 7, '34'),
	(735, 7, '35'),
	(736, 7, '36'),
	(737, 7, '37'),
	(738, 7, '38'),
	(739, 7, '39'),
	(740, 7, '40'),
	(741, 7, '41'),
	(742, 7, '42'),
	(743, 7, '43'),
	(744, 7, '44'),
	(745, 7, '45'),
	(746, 7, '46'),
	(747, 7, '47'),
	(748, 7, '48'),
	(749, 7, '49'),
	(750, 7, '50'),
	(751, 7, '51'),
	(752, 7, '52'),
	(753, 7, '53'),
	(754, 7, '54'),
	(755, 7, '55'),
	(756, 7, '56'),
	(757, 7, '57'),
	(758, 7, '58'),
	(759, 7, '59'),
	(760, 7, '60'),
	(761, 7, '61'),
	(762, 7, '62'),
	(763, 7, '63'),
	(764, 7, '64'),
	(765, 7, '65'),
	(766, 7, '66'),
	(767, 7, '67'),
	(768, 7, '68'),
	(769, 7, '69'),
	(770, 7, '70'),
	(771, 7, '71'),
	(772, 7, '72'),
	(773, 7, '73'),
	(774, 7, '74'),
	(775, 7, '75'),
	(776, 7, '76'),
	(777, 7, '77'),
	(778, 7, '78'),
	(779, 7, '79'),
	(780, 7, '80'),
	(781, 7, '81'),
	(782, 7, '82'),
	(783, 7, '83'),
	(784, 7, '84'),
	(785, 7, '85'),
	(786, 7, '86'),
	(787, 7, '87'),
	(788, 7, '88'),
	(789, 7, '89'),
	(790, 7, '90'),
	(791, 7, '91'),
	(792, 7, '92'),
	(793, 7, '93'),
	(794, 7, '94'),
	(795, 7, '95'),
	(796, 7, '96'),
	(797, 7, '97'),
	(798, 7, '98'),
	(799, 7, '99'),
	(810, 8, '10'),
	(811, 8, '11'),
	(812, 8, '12'),
	(813, 8, '13'),
	(814, 8, '14'),
	(815, 8, '15'),
	(816, 8, '16'),
	(817, 8, '17'),
	(818, 8, '18'),
	(819, 8, '19'),
	(820, 8, '20'),
	(821, 8, '21'),
	(822, 8, '22'),
	(823, 8, '23'),
	(824, 8, '24'),
	(825, 8, '25'),
	(826, 8, '26'),
	(827, 8, '27'),
	(828, 8, '28'),
	(829, 8, '29'),
	(830, 8, '30'),
	(831, 8, '31'),
	(832, 8, '32'),
	(833, 8, '33'),
	(834, 8, '34'),
	(835, 8, '35'),
	(836, 8, '36'),
	(837, 8, '37'),
	(838, 8, '38'),
	(839, 8, '39'),
	(840, 8, '40'),
	(841, 8, '41'),
	(842, 8, '42'),
	(843, 8, '43'),
	(844, 8, '44'),
	(845, 8, '45'),
	(846, 8, '46'),
	(847, 8, '47'),
	(848, 8, '48'),
	(849, 8, '49'),
	(850, 8, '50'),
	(851, 8, '51'),
	(852, 8, '52'),
	(853, 8, '53'),
	(854, 8, '54'),
	(855, 8, '55'),
	(856, 8, '56'),
	(857, 8, '57'),
	(858, 8, '58'),
	(859, 8, '59'),
	(860, 8, '60'),
	(861, 8, '61'),
	(862, 8, '62'),
	(863, 8, '63'),
	(864, 8, '64'),
	(865, 8, '65'),
	(866, 8, '66'),
	(867, 8, '67'),
	(868, 8, '68'),
	(869, 8, '69'),
	(870, 8, '70'),
	(871, 8, '71'),
	(872, 8, '72'),
	(873, 8, '73'),
	(874, 8, '74'),
	(875, 8, '75'),
	(876, 8, '76'),
	(877, 8, '77'),
	(878, 8, '78'),
	(879, 8, '79'),
	(880, 8, '80'),
	(881, 8, '81'),
	(882, 8, '82'),
	(883, 8, '83'),
	(884, 8, '84'),
	(885, 8, '85'),
	(886, 8, '86'),
	(887, 8, '87'),
	(888, 8, '88'),
	(889, 8, '89'),
	(890, 8, '90'),
	(891, 8, '91'),
	(892, 8, '92'),
	(893, 8, '93'),
	(894, 8, '94'),
	(895, 8, '95'),
	(896, 8, '96'),
	(897, 8, '97'),
	(898, 8, '98'),
	(899, 8, '99'),
	(910, 9, '10'),
	(911, 9, '11'),
	(912, 9, '12'),
	(913, 9, '13'),
	(914, 9, '14'),
	(915, 9, '15'),
	(916, 9, '16'),
	(917, 9, '17'),
	(918, 9, '18'),
	(919, 9, '19'),
	(920, 9, '20'),
	(921, 9, '21'),
	(922, 9, '22'),
	(923, 9, '23'),
	(924, 9, '24'),
	(925, 9, '25'),
	(926, 9, '26'),
	(927, 9, '27'),
	(928, 9, '28'),
	(929, 9, '29'),
	(930, 9, '30'),
	(931, 9, '31'),
	(932, 9, '32'),
	(933, 9, '33'),
	(934, 9, '34'),
	(935, 9, '35'),
	(936, 9, '36'),
	(937, 9, '37'),
	(938, 9, '38'),
	(939, 9, '39'),
	(940, 9, '40'),
	(941, 9, '41'),
	(942, 9, '42'),
	(943, 9, '43'),
	(944, 9, '44'),
	(945, 9, '45'),
	(946, 9, '46'),
	(947, 9, '47'),
	(948, 9, '48'),
	(949, 9, '49'),
	(950, 9, '50'),
	(951, 9, '51'),
	(952, 9, '52'),
	(953, 9, '53'),
	(954, 9, '54'),
	(955, 9, '55'),
	(956, 9, '56'),
	(957, 9, '57'),
	(958, 9, '58'),
	(959, 9, '59'),
	(960, 9, '60'),
	(961, 9, '61'),
	(962, 9, '62'),
	(963, 9, '63'),
	(964, 9, '64'),
	(965, 9, '65'),
	(966, 9, '66'),
	(967, 9, '67'),
	(968, 9, '68'),
	(969, 9, '69'),
	(970, 9, '70'),
	(971, 9, '71'),
	(972, 9, '72'),
	(973, 9, '73'),
	(974, 9, '74'),
	(975, 9, '75'),
	(976, 9, '76'),
	(977, 9, '77'),
	(978, 9, '78'),
	(979, 9, '79'),
	(980, 9, '80'),
	(981, 9, '81'),
	(982, 9, '82'),
	(983, 9, '83'),
	(984, 9, '84'),
	(985, 9, '85'),
	(986, 9, '86'),
	(987, 9, '87'),
	(988, 9, '88'),
	(989, 9, '89'),
	(990, 9, '90'),
	(991, 9, '91'),
	(992, 9, '92'),
	(993, 9, '93'),
	(994, 9, '94'),
	(995, 9, '95'),
	(996, 9, '96'),
	(997, 9, '97'),
	(998, 9, '98'),
	(999, 9, '99'),
	(1010, 10, '10'),
	(1011, 10, '11'),
	(1012, 10, '12'),
	(1013, 10, '13'),
	(1014, 10, '14'),
	(1015, 10, '15'),
	(1016, 10, '16'),
	(1017, 10, '17'),
	(1018, 10, '18'),
	(1019, 10, '19'),
	(1020, 10, '20'),
	(1021, 10, '21'),
	(1022, 10, '22'),
	(1023, 10, '23'),
	(1024, 10, '24'),
	(1025, 10, '25'),
	(1026, 10, '26'),
	(1027, 10, '27'),
	(1028, 10, '28'),
	(1029, 10, '29'),
	(1030, 10, '30'),
	(1031, 10, '31'),
	(1032, 10, '32'),
	(1033, 10, '33'),
	(1034, 10, '34'),
	(1035, 10, '35'),
	(1036, 10, '36'),
	(1037, 10, '37'),
	(1038, 10, '38'),
	(1039, 10, '39'),
	(1040, 10, '40'),
	(1041, 10, '41'),
	(1042, 10, '42'),
	(1043, 10, '43'),
	(1044, 10, '44'),
	(1045, 10, '45'),
	(1046, 10, '46'),
	(1047, 10, '47'),
	(1048, 10, '48'),
	(1049, 10, '49'),
	(1050, 10, '50'),
	(1051, 10, '51'),
	(1052, 10, '52'),
	(1053, 10, '53'),
	(1054, 10, '54'),
	(1055, 10, '55'),
	(1056, 10, '56'),
	(1057, 10, '57'),
	(1058, 10, '58'),
	(1059, 10, '59'),
	(1060, 10, '60'),
	(1061, 10, '61'),
	(1062, 10, '62'),
	(1063, 10, '63'),
	(1064, 10, '64'),
	(1065, 10, '65'),
	(1066, 10, '66'),
	(1067, 10, '67'),
	(1068, 10, '68'),
	(1069, 10, '69'),
	(1070, 10, '70'),
	(1071, 10, '71'),
	(1072, 10, '72'),
	(1073, 10, '73'),
	(1074, 10, '74'),
	(1075, 10, '75'),
	(1076, 10, '76'),
	(1077, 10, '77'),
	(1078, 10, '78'),
	(1079, 10, '79'),
	(1080, 10, '80'),
	(1081, 10, '81'),
	(1082, 10, '82'),
	(1083, 10, '83'),
	(1084, 10, '84'),
	(1085, 10, '85'),
	(1086, 10, '86'),
	(1087, 10, '87'),
	(1088, 10, '88'),
	(1089, 10, '89'),
	(1090, 10, '90'),
	(1091, 10, '91'),
	(1092, 10, '92'),
	(1093, 10, '93'),
	(1094, 10, '94'),
	(1095, 10, '95'),
	(1096, 10, '96'),
	(1097, 10, '97'),
	(1098, 10, '98'),
	(1099, 10, '99'),
	(1100, 1, '100'),
	(1101, 1, '101'),
	(1102, 1, '102'),
	(1103, 1, '103'),
	(1104, 1, '104'),
	(1105, 1, '105'),
	(1106, 1, '106'),
	(1107, 1, '107'),
	(1108, 1, '108'),
	(1109, 1, '109'),
	(1110, 1, '110'),
	(1111, 1, '111'),
	(1112, 1, '112'),
	(1113, 1, '113'),
	(1114, 1, '114'),
	(1115, 1, '115'),
	(1116, 1, '116'),
	(1117, 1, '117'),
	(1118, 1, '118'),
	(1119, 1, '119'),
	(1120, 1, '120'),
	(1121, 1, '121'),
	(1122, 1, '122'),
	(1123, 1, '123'),
	(1124, 1, '124'),
	(1125, 1, '125'),
	(1126, 1, '126'),
	(1127, 1, '127'),
	(1128, 1, '128'),
	(1129, 1, '129'),
	(1130, 1, '130'),
	(1131, 1, '131'),
	(1132, 1, '132'),
	(1133, 1, '133'),
	(1134, 1, '134'),
	(1135, 1, '135'),
	(1136, 1, '136'),
	(1137, 1, '137'),
	(1138, 1, '138'),
	(1139, 1, '139'),
	(1140, 1, '140'),
	(1141, 1, '141'),
	(1142, 1, '142'),
	(1143, 1, '143'),
	(1144, 1, '144'),
	(1145, 1, '145'),
	(1146, 1, '146'),
	(1147, 1, '147'),
	(1148, 1, '148'),
	(1149, 1, '149'),
	(1150, 1, '150'),
	(1151, 1, '151'),
	(1152, 1, '152'),
	(1153, 1, '153'),
	(1154, 1, '154'),
	(1155, 1, '155'),
	(1156, 1, '156'),
	(1157, 1, '157'),
	(1158, 1, '158'),
	(1159, 1, '159'),
	(1160, 1, '160'),
	(1161, 1, '161'),
	(1162, 1, '162'),
	(1163, 1, '163'),
	(1164, 1, '164'),
	(1165, 1, '165'),
	(1166, 1, '166'),
	(1167, 1, '167'),
	(1168, 1, '168'),
	(1169, 1, '169'),
	(1170, 1, '170'),
	(1171, 1, '171'),
	(1172, 1, '172'),
	(1173, 1, '173'),
	(1174, 1, '174'),
	(1175, 1, '175'),
	(1176, 1, '176'),
	(1177, 1, '177'),
	(1178, 1, '178'),
	(1179, 1, '179'),
	(1180, 1, '180'),
	(1181, 1, '181'),
	(1182, 1, '182'),
	(1183, 1, '183'),
	(1184, 1, '184'),
	(1185, 1, '185'),
	(1186, 1, '186'),
	(1187, 1, '187'),
	(1188, 1, '188'),
	(1189, 1, '189'),
	(1190, 1, '190'),
	(1191, 1, '191'),
	(1192, 1, '192'),
	(1193, 1, '193'),
	(1194, 1, '194'),
	(1195, 1, '195'),
	(1196, 1, '196'),
	(1197, 1, '197'),
	(1198, 1, '198'),
	(1199, 1, '199'),
	(1200, 1, '200'),
	(1201, 1, '201'),
	(1202, 1, '202'),
	(1203, 1, '203'),
	(1204, 1, '204'),
	(1205, 1, '205'),
	(1206, 1, '206'),
	(1207, 1, '207'),
	(1208, 1, '208'),
	(1209, 1, '209'),
	(1210, 1, '210'),
	(1211, 1, '211'),
	(1212, 1, '212'),
	(1213, 1, '213'),
	(1214, 1, '214'),
	(1215, 1, '215'),
	(1216, 1, '216'),
	(1217, 1, '217'),
	(1218, 1, '218'),
	(1219, 1, '219'),
	(1220, 1, '220'),
	(1221, 1, '221'),
	(1222, 1, '222'),
	(1223, 1, '223'),
	(1224, 1, '224'),
	(1225, 1, '225'),
	(1226, 1, '226'),
	(1227, 1, '227'),
	(1228, 1, '228'),
	(1229, 1, '229'),
	(1230, 1, '230'),
	(1231, 1, '231'),
	(1232, 1, '232'),
	(1233, 1, '233'),
	(1234, 1, '234'),
	(1235, 1, '235'),
	(1236, 1, '236'),
	(1237, 1, '237'),
	(1238, 1, '238'),
	(1239, 1, '239'),
	(1240, 1, '240'),
	(1241, 1, '241'),
	(1242, 1, '242'),
	(1243, 1, '243'),
	(1244, 1, '244'),
	(1245, 1, '245'),
	(1246, 1, '246'),
	(1247, 1, '247'),
	(1248, 1, '248'),
	(1249, 1, '249'),
	(1250, 1, '250'),
	(1251, 1, '251'),
	(1252, 1, '252'),
	(1253, 1, '253'),
	(1254, 1, '254'),
	(1255, 1, '255'),
	(1256, 1, '256'),
	(1257, 1, '257'),
	(1258, 1, '258'),
	(1259, 1, '259'),
	(1260, 1, '260'),
	(1261, 1, '261'),
	(1262, 1, '262'),
	(1263, 1, '263'),
	(1264, 1, '264'),
	(1265, 1, '265'),
	(1266, 1, '266'),
	(1267, 1, '267'),
	(1268, 1, '268'),
	(1269, 1, '269'),
	(1270, 1, '270'),
	(1271, 1, '271'),
	(1272, 1, '272'),
	(1273, 1, '273'),
	(1274, 1, '274'),
	(1275, 1, '275'),
	(1276, 1, '276'),
	(1277, 1, '277'),
	(1278, 1, '278'),
	(1279, 1, '279'),
	(1280, 1, '280'),
	(1281, 1, '281'),
	(1282, 1, '282'),
	(1283, 1, '283'),
	(1284, 1, '284'),
	(1285, 1, '285'),
	(1286, 1, '286'),
	(1287, 1, '287'),
	(1288, 1, '288'),
	(1289, 1, '289'),
	(1290, 1, '290'),
	(1291, 1, '291'),
	(1292, 1, '292'),
	(1293, 1, '293');
INSERT INTO "lote" ("loteid", "areaid", "lote") VALUES
	(1294, 1, '294'),
	(1295, 1, '295'),
	(1296, 1, '296'),
	(1297, 1, '297'),
	(1298, 1, '298'),
	(1299, 1, '299'),
	(1300, 1, '300'),
	(1301, 1, '301'),
	(1302, 1, '302'),
	(1303, 1, '303'),
	(1304, 1, '304'),
	(1305, 1, '305'),
	(1306, 1, '306'),
	(1307, 1, '307'),
	(1308, 1, '308'),
	(1309, 1, '309'),
	(1310, 1, '310'),
	(1311, 1, '311'),
	(1312, 1, '312'),
	(1313, 1, '313'),
	(1314, 1, '314'),
	(1315, 1, '315'),
	(1316, 1, '316'),
	(1317, 1, '317'),
	(1318, 1, '318'),
	(1319, 1, '319'),
	(1320, 1, '320'),
	(1321, 1, '321'),
	(1322, 1, '322'),
	(1323, 1, '323'),
	(1324, 1, '324'),
	(1325, 1, '325'),
	(1326, 1, '326'),
	(1327, 1, '327'),
	(1328, 1, '328'),
	(1329, 1, '329'),
	(1330, 1, '330'),
	(1331, 1, '331'),
	(1332, 1, '332'),
	(1333, 1, '333'),
	(1334, 1, '334'),
	(1335, 1, '335'),
	(1336, 1, '336'),
	(1337, 1, '337'),
	(1338, 1, '338'),
	(1339, 1, '339'),
	(1340, 1, '340'),
	(1341, 1, '341'),
	(1342, 1, '342'),
	(1343, 1, '343'),
	(1344, 1, '344'),
	(1345, 1, '345'),
	(1346, 1, '346'),
	(1347, 1, '347'),
	(1348, 1, '348'),
	(1349, 1, '349'),
	(1350, 1, '350'),
	(1351, 1, '351'),
	(1352, 1, '352'),
	(1353, 1, '353'),
	(1354, 1, '354'),
	(1355, 1, '355'),
	(1356, 1, '356'),
	(1357, 1, '357'),
	(1358, 1, '358'),
	(1359, 1, '359'),
	(1360, 1, '360'),
	(1361, 1, '361'),
	(1362, 1, '362'),
	(1363, 1, '363'),
	(1364, 1, '364'),
	(1365, 1, '365'),
	(1366, 1, '366'),
	(1367, 1, '367'),
	(1368, 1, '368'),
	(1369, 1, '369'),
	(1370, 1, '370'),
	(1371, 1, '371'),
	(1372, 1, '372'),
	(1373, 1, '373'),
	(1374, 1, '374'),
	(1375, 1, '375'),
	(1376, 1, '376'),
	(1377, 1, '377'),
	(1378, 1, '378'),
	(1379, 1, '379'),
	(1380, 1, '380'),
	(1381, 1, '381'),
	(1382, 1, '382'),
	(1383, 1, '383'),
	(1384, 1, '384'),
	(1385, 1, '385'),
	(1386, 1, '386'),
	(1387, 1, '387'),
	(1388, 1, '388'),
	(1389, 1, '389'),
	(1390, 1, '390'),
	(1391, 1, '391'),
	(1392, 1, '392'),
	(1393, 1, '393'),
	(1394, 1, '394'),
	(1395, 1, '395'),
	(1396, 1, '396'),
	(1397, 1, '397'),
	(1398, 1, '398'),
	(1399, 1, '399'),
	(1400, 1, '400'),
	(1401, 1, '401'),
	(1402, 1, '402'),
	(1403, 1, '403'),
	(1404, 1, '404'),
	(1405, 1, '405'),
	(1406, 1, '406'),
	(1407, 1, '407'),
	(1408, 1, '408'),
	(1409, 1, '409'),
	(1410, 1, '410'),
	(1411, 1, '411'),
	(1412, 1, '412'),
	(1413, 1, '413'),
	(1414, 1, '414'),
	(1415, 1, '415'),
	(1416, 1, '416'),
	(1417, 1, '417'),
	(1418, 1, '418'),
	(1419, 1, '419'),
	(1420, 1, '420'),
	(1421, 1, '421'),
	(1422, 1, '422'),
	(1423, 1, '423'),
	(1424, 1, '424'),
	(1425, 1, '425'),
	(1426, 1, '426'),
	(1427, 1, '427'),
	(1428, 1, '428'),
	(1429, 1, '429'),
	(1430, 1, '430'),
	(1431, 1, '431'),
	(1432, 1, '432'),
	(1433, 1, '433'),
	(1434, 1, '434'),
	(1435, 1, '435'),
	(1436, 1, '436'),
	(1437, 1, '437'),
	(1438, 1, '438'),
	(1439, 1, '439'),
	(1440, 1, '440'),
	(1441, 1, '441'),
	(1442, 1, '442'),
	(1443, 1, '443'),
	(1444, 1, '444'),
	(1445, 1, '445'),
	(1446, 1, '446'),
	(1447, 1, '447'),
	(1448, 1, '448'),
	(1449, 1, '449'),
	(1450, 1, '450'),
	(1451, 1, '451'),
	(1452, 1, '452'),
	(1453, 1, '453'),
	(1454, 1, '454'),
	(1455, 1, '455'),
	(1456, 1, '456'),
	(1457, 1, '457'),
	(1458, 1, '458'),
	(1459, 1, '459'),
	(1460, 1, '460'),
	(1461, 1, '461'),
	(1462, 1, '462'),
	(1463, 1, '463'),
	(1464, 1, '464'),
	(1465, 1, '465'),
	(1466, 1, '466'),
	(1467, 1, '467'),
	(1468, 1, '468'),
	(1469, 1, '469'),
	(1470, 1, '470'),
	(1471, 1, '471'),
	(1472, 1, '472'),
	(1473, 1, '473'),
	(1474, 1, '474'),
	(1475, 1, '475'),
	(1476, 1, '476'),
	(1477, 1, '477'),
	(1478, 1, '478'),
	(1479, 1, '479'),
	(1480, 1, '480'),
	(1481, 1, '481'),
	(1482, 1, '482'),
	(1483, 1, '483'),
	(1484, 1, '484'),
	(1485, 1, '485'),
	(1486, 1, '486'),
	(1487, 1, '487'),
	(1488, 1, '488'),
	(1489, 1, '489'),
	(1490, 1, '490'),
	(1491, 1, '491'),
	(1492, 1, '492'),
	(1493, 1, '493'),
	(1494, 1, '494'),
	(1495, 1, '495'),
	(1496, 1, '496'),
	(1497, 1, '497'),
	(1498, 1, '498'),
	(1499, 1, '499'),
	(1500, 1, '500'),
	(1501, 1, '501'),
	(1502, 1, '502'),
	(1503, 1, '503'),
	(1504, 1, '504'),
	(1505, 1, '505'),
	(1506, 1, '506'),
	(1507, 1, '507'),
	(1508, 1, '508'),
	(1509, 1, '509'),
	(1510, 1, '510'),
	(1511, 1, '511'),
	(1512, 1, '512'),
	(1513, 1, '513'),
	(1514, 1, '514'),
	(1515, 1, '515'),
	(2100, 2, '100'),
	(2101, 2, '101'),
	(2102, 2, '102'),
	(2103, 2, '103'),
	(2104, 2, '104'),
	(2105, 2, '105'),
	(2106, 2, '106'),
	(2107, 2, '107'),
	(2108, 2, '108'),
	(2109, 2, '109'),
	(2110, 2, '110'),
	(2111, 2, '111'),
	(2112, 2, '112'),
	(2113, 2, '113'),
	(2114, 2, '114'),
	(2115, 2, '115'),
	(2116, 2, '116'),
	(2117, 2, '117'),
	(2118, 2, '118'),
	(2119, 2, '119'),
	(2120, 2, '120'),
	(2121, 2, '121'),
	(2122, 2, '122'),
	(2123, 2, '123'),
	(2124, 2, '124'),
	(2125, 2, '125'),
	(2126, 2, '126'),
	(2127, 2, '127'),
	(2128, 2, '128'),
	(2129, 2, '129'),
	(2130, 2, '130'),
	(2131, 2, '131'),
	(2132, 2, '132'),
	(2133, 2, '133'),
	(2134, 2, '134'),
	(2135, 2, '135'),
	(2136, 2, '136'),
	(2137, 2, '137'),
	(2138, 2, '138'),
	(2139, 2, '139'),
	(2140, 2, '140'),
	(2141, 2, '141'),
	(2142, 2, '142'),
	(2143, 2, '143'),
	(2144, 2, '144'),
	(2145, 2, '145'),
	(2146, 2, '146'),
	(2147, 2, '147'),
	(2148, 2, '148'),
	(2149, 2, '149'),
	(2150, 2, '150'),
	(2151, 2, '151'),
	(2152, 2, '152'),
	(2153, 2, '153'),
	(2154, 2, '154'),
	(2155, 2, '155'),
	(2156, 2, '156'),
	(2157, 2, '157'),
	(2158, 2, '158'),
	(2159, 2, '159'),
	(2160, 2, '160'),
	(2161, 2, '161'),
	(2162, 2, '162'),
	(2163, 2, '163'),
	(2164, 2, '164'),
	(2165, 2, '165'),
	(2166, 2, '166'),
	(2167, 2, '167'),
	(2168, 2, '168'),
	(2169, 2, '169'),
	(2170, 2, '170'),
	(2171, 2, '171'),
	(2172, 2, '172'),
	(2173, 2, '173'),
	(2174, 2, '174'),
	(2175, 2, '175'),
	(2176, 2, '176'),
	(2177, 2, '177'),
	(2178, 2, '178'),
	(2179, 2, '179'),
	(2180, 2, '180'),
	(2181, 2, '181'),
	(2182, 2, '182'),
	(2183, 2, '183'),
	(2184, 2, '184'),
	(2185, 2, '185'),
	(2186, 2, '186'),
	(2187, 2, '187'),
	(2188, 2, '188'),
	(2189, 2, '189'),
	(2190, 2, '190'),
	(2191, 2, '191'),
	(2192, 2, '192'),
	(2193, 2, '193'),
	(2194, 2, '194'),
	(2195, 2, '195'),
	(2196, 2, '196'),
	(2197, 2, '197'),
	(2198, 2, '198'),
	(2199, 2, '199'),
	(2200, 2, '200'),
	(2201, 2, '201'),
	(2202, 2, '202'),
	(2203, 2, '203'),
	(2204, 2, '204'),
	(2205, 2, '205'),
	(2206, 2, '206'),
	(2207, 2, '207'),
	(2208, 2, '208'),
	(2209, 2, '209'),
	(2210, 2, '210'),
	(2211, 2, '211'),
	(2212, 2, '212'),
	(2213, 2, '213'),
	(2214, 2, '214'),
	(2215, 2, '215'),
	(2216, 2, '216'),
	(2217, 2, '217'),
	(2218, 2, '218'),
	(2219, 2, '219'),
	(2220, 2, '220'),
	(2221, 2, '221'),
	(2222, 2, '222'),
	(2223, 2, '223'),
	(2224, 2, '224'),
	(2225, 2, '225'),
	(2226, 2, '226'),
	(2227, 2, '227'),
	(2228, 2, '228'),
	(2229, 2, '229'),
	(2230, 2, '230'),
	(2231, 2, '231'),
	(2232, 2, '232'),
	(2233, 2, '233'),
	(2234, 2, '234'),
	(2235, 2, '235'),
	(2236, 2, '236'),
	(2237, 2, '237'),
	(2238, 2, '238'),
	(2239, 2, '239'),
	(2240, 2, '240'),
	(2241, 2, '241'),
	(2242, 2, '242'),
	(2243, 2, '243'),
	(2244, 2, '244'),
	(2245, 2, '245'),
	(2246, 2, '246'),
	(2247, 2, '247'),
	(2248, 2, '248'),
	(2249, 2, '249'),
	(2250, 2, '250'),
	(2251, 2, '251'),
	(2252, 2, '252'),
	(2253, 2, '253'),
	(2254, 2, '254'),
	(2255, 2, '255'),
	(2256, 2, '256'),
	(2257, 2, '257'),
	(2258, 2, '258'),
	(2259, 2, '259'),
	(2260, 2, '260'),
	(2261, 2, '261'),
	(2262, 2, '262'),
	(2263, 2, '263'),
	(2264, 2, '264'),
	(2265, 2, '265'),
	(2266, 2, '266'),
	(2267, 2, '267'),
	(2268, 2, '268'),
	(2269, 2, '269'),
	(2270, 2, '270'),
	(2271, 2, '271'),
	(2272, 2, '272'),
	(2273, 2, '273'),
	(5100, 5, '100'),
	(5101, 5, '101'),
	(5102, 5, '102'),
	(5103, 5, '103'),
	(5104, 5, '104'),
	(5105, 5, '105'),
	(5106, 5, '106'),
	(5107, 5, '107'),
	(5108, 5, '108'),
	(5109, 5, '109'),
	(5110, 5, '110'),
	(5111, 5, '111'),
	(5112, 5, '112'),
	(5113, 5, '113'),
	(5114, 5, '114'),
	(5115, 5, '115'),
	(5116, 5, '116'),
	(5117, 5, '117'),
	(5118, 5, '118'),
	(5119, 5, '119'),
	(5120, 5, '120'),
	(5121, 5, '121'),
	(5122, 5, '122'),
	(5123, 5, '123'),
	(5124, 5, '124'),
	(5125, 5, '125'),
	(5126, 5, '126'),
	(5127, 5, '127'),
	(5128, 5, '128'),
	(5129, 5, '129'),
	(5130, 5, '130'),
	(5131, 5, '131'),
	(5132, 5, '132'),
	(5133, 5, '133'),
	(5134, 5, '134'),
	(5135, 5, '135'),
	(5136, 5, '136'),
	(5137, 5, '137'),
	(5138, 5, '138'),
	(5139, 5, '139'),
	(5140, 5, '140'),
	(5141, 5, '141'),
	(5142, 5, '142'),
	(5143, 5, '143'),
	(5144, 5, '144'),
	(5145, 5, '145'),
	(5146, 5, '146'),
	(5147, 5, '147'),
	(5148, 5, '148'),
	(5149, 5, '149'),
	(5150, 5, '150'),
	(5151, 5, '151'),
	(5152, 5, '152'),
	(5153, 5, '153'),
	(5154, 5, '154'),
	(5155, 5, '155'),
	(5156, 5, '156'),
	(5157, 5, '157'),
	(5158, 5, '158'),
	(5159, 5, '159'),
	(5160, 5, '160'),
	(5161, 5, '161'),
	(5162, 5, '162'),
	(5163, 5, '163'),
	(5164, 5, '164'),
	(5165, 5, '165'),
	(5166, 5, '166'),
	(5167, 5, '167'),
	(5168, 5, '168'),
	(5169, 5, '169'),
	(5170, 5, '170'),
	(5171, 5, '171'),
	(5172, 5, '172'),
	(5173, 5, '173'),
	(5174, 5, '174'),
	(5175, 5, '175'),
	(5176, 5, '176'),
	(5177, 5, '177'),
	(5178, 5, '178'),
	(5179, 5, '179'),
	(5180, 5, '180'),
	(5181, 5, '181'),
	(5182, 5, '182'),
	(5183, 5, '183'),
	(5184, 5, '184'),
	(5185, 5, '185'),
	(5186, 5, '186'),
	(5187, 5, '187'),
	(5188, 5, '188'),
	(5189, 5, '189'),
	(5190, 5, '190'),
	(5191, 5, '191'),
	(5192, 5, '192'),
	(5193, 5, '193'),
	(5194, 5, '194'),
	(5195, 5, '195'),
	(5196, 5, '196'),
	(5197, 5, '197'),
	(5198, 5, '198'),
	(5199, 5, '199'),
	(5200, 5, '200'),
	(5201, 5, '201'),
	(5202, 5, '202'),
	(5203, 5, '203'),
	(5204, 5, '204'),
	(5205, 5, '205'),
	(5206, 5, '206'),
	(5207, 5, '207'),
	(5208, 5, '208'),
	(5209, 5, '209'),
	(5210, 5, '210'),
	(5211, 5, '211'),
	(5212, 5, '212'),
	(5213, 5, '213'),
	(5214, 5, '214'),
	(5215, 5, '215'),
	(5216, 5, '216'),
	(5217, 5, '217'),
	(5218, 5, '218'),
	(5219, 5, '219'),
	(5220, 5, '220'),
	(5221, 5, '221'),
	(5222, 5, '222'),
	(5223, 5, '223'),
	(5224, 5, '224'),
	(5225, 5, '225'),
	(5226, 5, '226'),
	(5227, 5, '227'),
	(5228, 5, '228'),
	(5229, 5, '229'),
	(5230, 5, '230'),
	(5231, 5, '231'),
	(5232, 5, '232'),
	(5233, 5, '233'),
	(5234, 5, '234'),
	(5235, 5, '235'),
	(5236, 5, '236'),
	(5237, 5, '237'),
	(5238, 5, '238'),
	(5239, 5, '239'),
	(5240, 5, '240'),
	(5241, 5, '241'),
	(5242, 5, '242'),
	(5243, 5, '243'),
	(5244, 5, '244'),
	(5245, 5, '245'),
	(5246, 5, '246'),
	(5247, 5, '247'),
	(5248, 5, '248'),
	(5249, 5, '249'),
	(5250, 5, '250'),
	(5251, 5, '251'),
	(5252, 5, '252'),
	(5253, 5, '253'),
	(5254, 5, '254'),
	(5255, 5, '255'),
	(5256, 5, '256'),
	(5257, 5, '257'),
	(5258, 5, '258'),
	(5259, 5, '259'),
	(5260, 5, '260'),
	(5261, 5, '261'),
	(5262, 5, '262'),
	(5263, 5, '263'),
	(5264, 5, '264'),
	(5265, 5, '265'),
	(5266, 5, '266'),
	(5267, 5, '267'),
	(5268, 5, '268'),
	(5269, 5, '269'),
	(5270, 5, '270'),
	(5271, 5, '271'),
	(5272, 5, '272'),
	(5273, 5, '273'),
	(5274, 5, '274'),
	(5275, 5, '275'),
	(5276, 5, '276'),
	(5277, 5, '277'),
	(5278, 5, '278'),
	(5279, 5, '279'),
	(5280, 5, '280'),
	(5281, 5, '281'),
	(5282, 5, '282'),
	(5283, 5, '283'),
	(5284, 5, '284'),
	(5285, 5, '285'),
	(5286, 5, '286'),
	(5287, 5, '287'),
	(5288, 5, '288'),
	(5289, 5, '289'),
	(5290, 5, '290'),
	(5291, 5, '291'),
	(5292, 5, '292'),
	(5293, 5, '293'),
	(5294, 5, '294'),
	(5295, 5, '295'),
	(5296, 5, '296'),
	(5297, 5, '297'),
	(5298, 5, '298'),
	(5299, 5, '299'),
	(5300, 5, '300'),
	(5301, 5, '301'),
	(5302, 5, '302'),
	(5303, 5, '303'),
	(5304, 5, '304'),
	(5305, 5, '305'),
	(5306, 5, '306'),
	(5307, 5, '307'),
	(5308, 5, '308'),
	(5309, 5, '309'),
	(5310, 5, '310'),
	(5311, 5, '311'),
	(5312, 5, '312'),
	(5313, 5, '313'),
	(5314, 5, '314'),
	(5315, 5, '315'),
	(5316, 5, '316'),
	(5317, 5, '317'),
	(5318, 5, '318'),
	(5319, 5, '319'),
	(5320, 5, '320'),
	(5321, 5, '321'),
	(6100, 6, '100'),
	(6101, 6, '101'),
	(6102, 6, '102'),
	(6103, 6, '103'),
	(6104, 6, '104'),
	(6105, 6, '105'),
	(6106, 6, '106'),
	(6107, 6, '107'),
	(6108, 6, '108'),
	(6109, 6, '109'),
	(6110, 6, '110'),
	(6111, 6, '111'),
	(6112, 6, '112'),
	(6113, 6, '113'),
	(6114, 6, '114'),
	(6115, 6, '115'),
	(6116, 6, '116'),
	(6117, 6, '117'),
	(6118, 6, '118'),
	(6119, 6, '119'),
	(6120, 6, '120'),
	(6121, 6, '121'),
	(6122, 6, '122'),
	(6123, 6, '123'),
	(6124, 6, '124'),
	(6125, 6, '125'),
	(6126, 6, '126'),
	(6127, 6, '127'),
	(6128, 6, '128'),
	(6129, 6, '129'),
	(6130, 6, '130'),
	(6131, 6, '131'),
	(6132, 6, '132'),
	(6133, 6, '133'),
	(6134, 6, '134'),
	(6135, 6, '135'),
	(6136, 6, '136'),
	(6137, 6, '137'),
	(6138, 6, '138'),
	(6139, 6, '139'),
	(6140, 6, '140'),
	(6141, 6, '141'),
	(6142, 6, '142'),
	(6143, 6, '143'),
	(6144, 6, '144'),
	(6145, 6, '145'),
	(6146, 6, '146'),
	(6147, 6, '147'),
	(6148, 6, '148'),
	(6149, 6, '149'),
	(6150, 6, '150'),
	(6151, 6, '151'),
	(6152, 6, '152'),
	(6153, 6, '153'),
	(6154, 6, '154'),
	(6155, 6, '155'),
	(6156, 6, '156'),
	(6157, 6, '157'),
	(6158, 6, '158'),
	(6159, 6, '159'),
	(6160, 6, '160'),
	(6161, 6, '161'),
	(6162, 6, '162'),
	(6163, 6, '163'),
	(6164, 6, '164'),
	(6165, 6, '165'),
	(6166, 6, '166'),
	(6167, 6, '167'),
	(6168, 6, '168'),
	(6169, 6, '169'),
	(6170, 6, '170'),
	(6171, 6, '171'),
	(6172, 6, '172'),
	(6173, 6, '173'),
	(6174, 6, '174'),
	(6175, 6, '175'),
	(6176, 6, '176'),
	(6177, 6, '177'),
	(6178, 6, '178'),
	(6179, 6, '179'),
	(6180, 6, '180'),
	(6181, 6, '181'),
	(6182, 6, '182'),
	(6183, 6, '183'),
	(6184, 6, '184'),
	(6185, 6, '185'),
	(6186, 6, '186'),
	(6187, 6, '187'),
	(6188, 6, '188'),
	(6189, 6, '189'),
	(6190, 6, '190'),
	(6191, 6, '191'),
	(6192, 6, '192'),
	(6193, 6, '193'),
	(6194, 6, '194'),
	(6195, 6, '195'),
	(6196, 6, '196'),
	(6197, 6, '197'),
	(6198, 6, '198'),
	(6199, 6, '199'),
	(6200, 6, '200'),
	(6201, 6, '201'),
	(6202, 6, '202'),
	(6203, 6, '203'),
	(6204, 6, '204'),
	(6205, 6, '205'),
	(6206, 6, '206'),
	(6207, 6, '207'),
	(6208, 6, '208'),
	(6209, 6, '209'),
	(6210, 6, '210'),
	(6211, 6, '211'),
	(6212, 6, '212'),
	(6213, 6, '213'),
	(6214, 6, '214'),
	(6215, 6, '215'),
	(6216, 6, '216'),
	(6217, 6, '217'),
	(6218, 6, '218'),
	(6219, 6, '219'),
	(6220, 6, '220'),
	(6221, 6, '221'),
	(6222, 6, '222'),
	(6223, 6, '223'),
	(6224, 6, '224'),
	(6225, 6, '225'),
	(6226, 6, '226'),
	(6227, 6, '227'),
	(6228, 6, '228'),
	(6229, 6, '229'),
	(6230, 6, '230'),
	(6231, 6, '231'),
	(6232, 6, '232'),
	(6233, 6, '233'),
	(6234, 6, '234'),
	(6235, 6, '235'),
	(6236, 6, '236'),
	(6237, 6, '237'),
	(6238, 6, '238'),
	(6239, 6, '239'),
	(6240, 6, '240'),
	(6241, 6, '241'),
	(6242, 6, '242'),
	(6243, 6, '243'),
	(6244, 6, '244'),
	(6245, 6, '245'),
	(6246, 6, '246'),
	(6247, 6, '247'),
	(6248, 6, '248'),
	(6249, 6, '249'),
	(6250, 6, '250'),
	(6251, 6, '251'),
	(6252, 6, '252'),
	(6253, 6, '253'),
	(6254, 6, '254'),
	(6255, 6, '255'),
	(6256, 6, '256'),
	(6257, 6, '257'),
	(6258, 6, '258'),
	(6259, 6, '259'),
	(6260, 6, '260'),
	(6261, 6, '261'),
	(6262, 6, '262'),
	(6263, 6, '263'),
	(6264, 6, '264'),
	(6265, 6, '265'),
	(6266, 6, '266'),
	(6267, 6, '267'),
	(6268, 6, '268'),
	(6269, 6, '269'),
	(6270, 6, '270'),
	(6271, 6, '271'),
	(6272, 6, '272'),
	(6273, 6, '273'),
	(6274, 6, '274'),
	(6275, 6, '275'),
	(6276, 6, '276'),
	(6277, 6, '277'),
	(6278, 6, '278'),
	(6279, 6, '279'),
	(6280, 6, '280'),
	(6281, 6, '281'),
	(6282, 6, '282'),
	(6283, 6, '283'),
	(6284, 6, '284'),
	(6285, 6, '285'),
	(6286, 6, '286'),
	(6287, 6, '287'),
	(6288, 6, '288'),
	(6289, 6, '289'),
	(6290, 6, '290'),
	(6291, 6, '291'),
	(6292, 6, '292'),
	(6293, 6, '293'),
	(6294, 6, '294'),
	(6295, 6, '295'),
	(6296, 6, '296'),
	(6297, 6, '297'),
	(6298, 6, '298'),
	(6299, 6, '299'),
	(6300, 6, '300'),
	(6301, 6, '301'),
	(6302, 6, '302'),
	(6303, 6, '303'),
	(6304, 6, '304'),
	(6305, 6, '305'),
	(6306, 6, '306'),
	(6307, 6, '307'),
	(6308, 6, '308'),
	(6309, 6, '309'),
	(6310, 6, '310'),
	(6311, 6, '311'),
	(6312, 6, '312'),
	(6313, 6, '313'),
	(6314, 6, '314'),
	(6315, 6, '315'),
	(6316, 6, '316'),
	(6317, 6, '317'),
	(6318, 6, '318'),
	(6319, 6, '319'),
	(6320, 6, '320'),
	(6321, 6, '321'),
	(7100, 7, '100'),
	(7101, 7, '101'),
	(7102, 7, '102'),
	(7103, 7, '103'),
	(7104, 7, '104'),
	(7105, 7, '105'),
	(7106, 7, '106'),
	(7107, 7, '107'),
	(7108, 7, '108'),
	(7109, 7, '109'),
	(7110, 7, '110'),
	(7111, 7, '111'),
	(7112, 7, '112'),
	(7113, 7, '113'),
	(7114, 7, '114'),
	(7115, 7, '115'),
	(7116, 7, '116'),
	(7117, 7, '117'),
	(7118, 7, '118'),
	(7119, 7, '119'),
	(7120, 7, '120'),
	(7121, 7, '121'),
	(7122, 7, '122'),
	(7123, 7, '123'),
	(7124, 7, '124'),
	(7125, 7, '125'),
	(7126, 7, '126'),
	(7127, 7, '127'),
	(7128, 7, '128'),
	(7129, 7, '129'),
	(7130, 7, '130'),
	(7131, 7, '131'),
	(7132, 7, '132'),
	(7133, 7, '133'),
	(7134, 7, '134'),
	(7135, 7, '135'),
	(7136, 7, '136'),
	(7137, 7, '137'),
	(7138, 7, '138'),
	(7139, 7, '139'),
	(7140, 7, '140'),
	(7141, 7, '141'),
	(7142, 7, '142'),
	(7143, 7, '143'),
	(7144, 7, '144'),
	(7145, 7, '145'),
	(7146, 7, '146'),
	(7147, 7, '147'),
	(7148, 7, '148'),
	(7149, 7, '149'),
	(7150, 7, '150'),
	(7151, 7, '151'),
	(7152, 7, '152'),
	(7153, 7, '153'),
	(7154, 7, '154'),
	(7155, 7, '155'),
	(7156, 7, '156'),
	(7157, 7, '157'),
	(7158, 7, '158'),
	(7159, 7, '159'),
	(7160, 7, '160'),
	(7161, 7, '161'),
	(7162, 7, '162'),
	(7163, 7, '163'),
	(7164, 7, '164'),
	(7165, 7, '165'),
	(7166, 7, '166'),
	(7167, 7, '167'),
	(7168, 7, '168'),
	(7169, 7, '169'),
	(7170, 7, '170'),
	(7171, 7, '171'),
	(7172, 7, '172'),
	(7173, 7, '173'),
	(7174, 7, '174'),
	(7175, 7, '175'),
	(7176, 7, '176'),
	(7177, 7, '177'),
	(7178, 7, '178'),
	(7179, 7, '179'),
	(7180, 7, '180'),
	(7181, 7, '181'),
	(7182, 7, '182'),
	(7183, 7, '183'),
	(7184, 7, '184'),
	(7185, 7, '185'),
	(7186, 7, '186'),
	(7187, 7, '187'),
	(7188, 7, '188'),
	(7189, 7, '189'),
	(7190, 7, '190'),
	(7191, 7, '191'),
	(7192, 7, '192'),
	(7193, 7, '193'),
	(7194, 7, '194'),
	(7195, 7, '195'),
	(7196, 7, '196'),
	(7197, 7, '197'),
	(7198, 7, '198'),
	(7199, 7, '199'),
	(7200, 7, '200'),
	(7201, 7, '201'),
	(7202, 7, '202'),
	(7203, 7, '203'),
	(7204, 7, '204'),
	(7205, 7, '205'),
	(7206, 7, '206'),
	(7207, 7, '207'),
	(7208, 7, '208'),
	(7209, 7, '209'),
	(7210, 7, '210'),
	(7211, 7, '211'),
	(7212, 7, '212'),
	(7213, 7, '213'),
	(7214, 7, '214'),
	(7215, 7, '215'),
	(7216, 7, '216'),
	(7217, 7, '217'),
	(7218, 7, '218'),
	(7219, 7, '219'),
	(7220, 7, '220'),
	(7221, 7, '221'),
	(7222, 7, '222'),
	(7223, 7, '223'),
	(7224, 7, '224'),
	(7225, 7, '225'),
	(7226, 7, '226'),
	(7227, 7, '227'),
	(7228, 7, '228'),
	(7229, 7, '229'),
	(7230, 7, '230'),
	(7231, 7, '231'),
	(7232, 7, '232'),
	(7233, 7, '233'),
	(7234, 7, '234'),
	(7235, 7, '235'),
	(7236, 7, '236'),
	(7237, 7, '237'),
	(7238, 7, '238'),
	(7239, 7, '239'),
	(7240, 7, '240'),
	(7241, 7, '241'),
	(7242, 7, '242'),
	(7243, 7, '243'),
	(7244, 7, '244'),
	(7245, 7, '245'),
	(7246, 7, '246'),
	(7247, 7, '247'),
	(7248, 7, '248'),
	(7249, 7, '249'),
	(7250, 7, '250'),
	(7251, 7, '251'),
	(7252, 7, '252'),
	(7253, 7, '253'),
	(7254, 7, '254'),
	(7255, 7, '255'),
	(7256, 7, '256'),
	(7257, 7, '257'),
	(7258, 7, '258'),
	(7259, 7, '259');
INSERT INTO "lote" ("loteid", "areaid", "lote") VALUES
	(7260, 7, '260'),
	(7261, 7, '261'),
	(7262, 7, '262'),
	(7263, 7, '263'),
	(7264, 7, '264'),
	(7265, 7, '265'),
	(7266, 7, '266'),
	(7267, 7, '267'),
	(7268, 7, '268'),
	(7269, 7, '269'),
	(7270, 7, '270'),
	(7271, 7, '271'),
	(7272, 7, '272'),
	(7273, 7, '273'),
	(7274, 7, '274'),
	(7275, 7, '275'),
	(7276, 7, '276'),
	(7277, 7, '277'),
	(7278, 7, '278'),
	(7279, 7, '279'),
	(7280, 7, '280'),
	(7281, 7, '281'),
	(7282, 7, '282'),
	(7283, 7, '283'),
	(7284, 7, '284'),
	(7285, 7, '285'),
	(7286, 7, '286'),
	(7287, 7, '287'),
	(7288, 7, '288'),
	(7289, 7, '289'),
	(7290, 7, '290'),
	(7291, 7, '291'),
	(7292, 7, '292'),
	(8100, 8, '100'),
	(8101, 8, '101'),
	(8102, 8, '102'),
	(8103, 8, '103'),
	(8104, 8, '104'),
	(8105, 8, '105'),
	(8106, 8, '106'),
	(8107, 8, '107'),
	(8108, 8, '108'),
	(8109, 8, '109'),
	(8110, 8, '110'),
	(8111, 8, '111'),
	(8112, 8, '112'),
	(8113, 8, '113'),
	(8114, 8, '114'),
	(8115, 8, '115'),
	(8116, 8, '116'),
	(8117, 8, '117'),
	(8118, 8, '118'),
	(8119, 8, '119'),
	(8120, 8, '120'),
	(8121, 8, '121'),
	(8122, 8, '122'),
	(8123, 8, '123'),
	(8124, 8, '124'),
	(8125, 8, '125'),
	(8126, 8, '126'),
	(8127, 8, '127'),
	(8128, 8, '128'),
	(8129, 8, '129'),
	(8130, 8, '130'),
	(8131, 8, '131'),
	(8132, 8, '132'),
	(8133, 8, '133'),
	(8134, 8, '134'),
	(8135, 8, '135'),
	(8136, 8, '136'),
	(8137, 8, '137'),
	(8138, 8, '138'),
	(8139, 8, '139'),
	(8140, 8, '140'),
	(8141, 8, '141'),
	(8142, 8, '142'),
	(8143, 8, '143'),
	(8144, 8, '144'),
	(8145, 8, '145'),
	(8146, 8, '146'),
	(8147, 8, '147'),
	(8148, 8, '148'),
	(8149, 8, '149'),
	(8150, 8, '150'),
	(8151, 8, '151'),
	(8152, 8, '152'),
	(8153, 8, '153'),
	(8154, 8, '154'),
	(8155, 8, '155'),
	(8156, 8, '156'),
	(8157, 8, '157'),
	(8158, 8, '158'),
	(8159, 8, '159'),
	(8160, 8, '160'),
	(8161, 8, '161'),
	(8162, 8, '162'),
	(8163, 8, '163'),
	(8164, 8, '164'),
	(8165, 8, '165'),
	(8166, 8, '166'),
	(8167, 8, '167'),
	(8168, 8, '168'),
	(8169, 8, '169'),
	(8170, 8, '170'),
	(8171, 8, '171'),
	(8172, 8, '172'),
	(8173, 8, '173'),
	(8174, 8, '174'),
	(8175, 8, '175'),
	(8176, 8, '176'),
	(8177, 8, '177'),
	(8178, 8, '178'),
	(8179, 8, '179'),
	(8180, 8, '180'),
	(8181, 8, '181'),
	(8182, 8, '182'),
	(8183, 8, '183'),
	(8184, 8, '184'),
	(8185, 8, '185'),
	(8186, 8, '186'),
	(8187, 8, '187'),
	(8188, 8, '188'),
	(8189, 8, '189'),
	(8190, 8, '190'),
	(8191, 8, '191'),
	(8192, 8, '192'),
	(8193, 8, '193'),
	(8194, 8, '194'),
	(8195, 8, '195'),
	(8196, 8, '196'),
	(8197, 8, '197'),
	(8198, 8, '198'),
	(8199, 8, '199'),
	(8200, 8, '200'),
	(8201, 8, '201'),
	(8202, 8, '202'),
	(8203, 8, '203'),
	(8204, 8, '204'),
	(8205, 8, '205'),
	(8206, 8, '206'),
	(8207, 8, '207'),
	(8208, 8, '208'),
	(8209, 8, '209'),
	(8210, 8, '210'),
	(8211, 8, '211'),
	(8212, 8, '212'),
	(8213, 8, '213'),
	(8214, 8, '214'),
	(8215, 8, '215'),
	(8216, 8, '216'),
	(8217, 8, '217'),
	(8218, 8, '218'),
	(8219, 8, '219'),
	(8220, 8, '220'),
	(8221, 8, '221'),
	(8222, 8, '222'),
	(8223, 8, '223'),
	(8224, 8, '224'),
	(8225, 8, '225'),
	(8226, 8, '226'),
	(8227, 8, '227'),
	(8228, 8, '228'),
	(8229, 8, '229'),
	(8230, 8, '230'),
	(8231, 8, '231'),
	(8232, 8, '232'),
	(8233, 8, '233'),
	(8234, 8, '234'),
	(8235, 8, '235'),
	(8236, 8, '236'),
	(8237, 8, '237'),
	(8238, 8, '238'),
	(8239, 8, '239'),
	(8240, 8, '240'),
	(8241, 8, '241'),
	(8242, 8, '242'),
	(8243, 8, '243'),
	(8244, 8, '244'),
	(8245, 8, '245'),
	(8246, 8, '246'),
	(8247, 8, '247'),
	(8248, 8, '248'),
	(8249, 8, '249'),
	(8250, 8, '250'),
	(8251, 8, '251'),
	(8252, 8, '252'),
	(8253, 8, '253'),
	(8254, 8, '254'),
	(8255, 8, '255'),
	(8256, 8, '256'),
	(8257, 8, '257'),
	(8258, 8, '258'),
	(8259, 8, '259'),
	(8260, 8, '260'),
	(8261, 8, '261'),
	(8262, 8, '262'),
	(8263, 8, '263'),
	(8264, 8, '264'),
	(8265, 8, '265'),
	(8266, 8, '266'),
	(8267, 8, '267'),
	(8268, 8, '268'),
	(8269, 8, '269'),
	(8270, 8, '270'),
	(8271, 8, '271'),
	(8272, 8, '272'),
	(8273, 8, '273'),
	(8274, 8, '274'),
	(8275, 8, '275'),
	(8276, 8, '276'),
	(8277, 8, '277'),
	(8278, 8, '278'),
	(8279, 8, '279'),
	(8280, 8, '280'),
	(8281, 8, '281'),
	(8282, 8, '282'),
	(8283, 8, '283'),
	(8284, 8, '284'),
	(8285, 8, '285'),
	(8286, 8, '286'),
	(8287, 8, '287'),
	(8288, 8, '288'),
	(8289, 8, '289'),
	(8290, 8, '290'),
	(8291, 8, '291'),
	(8292, 8, '292'),
	(8293, 8, '293'),
	(8294, 8, '294'),
	(8295, 8, '295'),
	(8296, 8, '296'),
	(8297, 8, '297'),
	(8298, 8, '298'),
	(8299, 8, '299'),
	(8300, 8, '300'),
	(8301, 8, '301'),
	(8302, 8, '302'),
	(8303, 8, '303'),
	(8304, 8, '304'),
	(8305, 8, '305'),
	(8306, 8, '306'),
	(8307, 8, '307'),
	(8308, 8, '308'),
	(8309, 8, '309'),
	(8310, 8, '310'),
	(8311, 8, '311'),
	(8312, 8, '312'),
	(8313, 8, '313'),
	(8314, 8, '314'),
	(8315, 8, '315'),
	(8316, 8, '316'),
	(8317, 8, '317'),
	(8318, 8, '318'),
	(8319, 8, '319'),
	(8320, 8, '320'),
	(8321, 8, '321'),
	(8322, 8, '322'),
	(8323, 8, '323'),
	(8324, 8, '324'),
	(8325, 8, '325'),
	(8326, 8, '326'),
	(8327, 8, '327'),
	(8328, 8, '328'),
	(8329, 8, '329'),
	(8330, 8, '330'),
	(8331, 8, '331'),
	(8332, 8, '332'),
	(8333, 8, '333'),
	(8334, 8, '334'),
	(8335, 8, '335'),
	(8336, 8, '336'),
	(8337, 8, '337'),
	(8338, 8, '338'),
	(8339, 8, '339'),
	(8340, 8, '340'),
	(8341, 8, '341'),
	(8342, 8, '342'),
	(8343, 8, '343'),
	(8344, 8, '344'),
	(8345, 8, '345'),
	(8346, 8, '346'),
	(8347, 8, '347'),
	(8348, 8, '348'),
	(8349, 8, '349'),
	(8350, 8, '350'),
	(8351, 8, '351'),
	(8352, 8, '352'),
	(8353, 8, '353'),
	(8354, 8, '354'),
	(8355, 8, '355'),
	(8356, 8, '356'),
	(8357, 8, '357'),
	(8358, 8, '358'),
	(8359, 8, '359'),
	(8360, 8, '360'),
	(8361, 8, '361'),
	(8362, 8, '362'),
	(8363, 8, '363'),
	(8364, 8, '364'),
	(8365, 8, '365'),
	(8366, 8, '366'),
	(8367, 8, '367'),
	(8368, 8, '368'),
	(8369, 8, '369'),
	(8370, 8, '370'),
	(8371, 8, '371'),
	(8372, 8, '372'),
	(8373, 8, '373'),
	(8374, 8, '374'),
	(8375, 8, '375'),
	(8376, 8, '376'),
	(8377, 8, '377'),
	(8378, 8, '378'),
	(8379, 8, '379'),
	(8380, 8, '380'),
	(8381, 8, '381'),
	(8382, 8, '382'),
	(8383, 8, '383'),
	(8384, 8, '384'),
	(8385, 8, '385'),
	(8386, 8, '386'),
	(8387, 8, '387'),
	(8388, 8, '388'),
	(8389, 8, '389'),
	(8390, 8, '390'),
	(8391, 8, '391'),
	(8392, 8, '392'),
	(8393, 8, '393'),
	(8394, 8, '394'),
	(8395, 8, '395'),
	(8396, 8, '396'),
	(8397, 8, '397'),
	(9100, 9, '100'),
	(9101, 9, '101'),
	(9102, 9, '102'),
	(9103, 9, '103'),
	(9104, 9, '104'),
	(9105, 9, '105'),
	(9106, 9, '106'),
	(9107, 9, '107'),
	(9108, 9, '108'),
	(9109, 9, '109'),
	(9110, 9, '110'),
	(9111, 9, '111'),
	(9112, 9, '112'),
	(9113, 9, '113'),
	(9114, 9, '114'),
	(9115, 9, '115'),
	(9116, 9, '116'),
	(9117, 9, '117'),
	(9118, 9, '118'),
	(9119, 9, '119'),
	(9120, 9, '120'),
	(9121, 9, '121'),
	(9122, 9, '122'),
	(9123, 9, '123'),
	(9124, 9, '124'),
	(9125, 9, '125'),
	(9126, 9, '126'),
	(9127, 9, '127'),
	(9128, 9, '128'),
	(9129, 9, '129'),
	(9130, 9, '130'),
	(9131, 9, '131'),
	(9132, 9, '132'),
	(9133, 9, '133'),
	(9134, 9, '134'),
	(9135, 9, '135'),
	(9136, 9, '136'),
	(9137, 9, '137'),
	(9138, 9, '138'),
	(9139, 9, '139'),
	(9140, 9, '140'),
	(9141, 9, '141'),
	(9142, 9, '142'),
	(9143, 9, '143'),
	(9144, 9, '144'),
	(9145, 9, '145'),
	(9146, 9, '146'),
	(9147, 9, '147'),
	(9148, 9, '148'),
	(9149, 9, '149'),
	(9150, 9, '150'),
	(9151, 9, '151'),
	(9152, 9, '152'),
	(9153, 9, '153'),
	(9154, 9, '154'),
	(9155, 9, '155'),
	(9156, 9, '156'),
	(9157, 9, '157'),
	(9158, 9, '158'),
	(9159, 9, '159'),
	(9160, 9, '160'),
	(9161, 9, '161'),
	(9162, 9, '162'),
	(9163, 9, '163'),
	(9164, 9, '164'),
	(9165, 9, '165'),
	(9166, 9, '166'),
	(9167, 9, '167'),
	(9168, 9, '168'),
	(9169, 9, '169'),
	(9170, 9, '170'),
	(9171, 9, '171'),
	(9172, 9, '172'),
	(9173, 9, '173'),
	(9174, 9, '174'),
	(9175, 9, '175'),
	(9176, 9, '176'),
	(9177, 9, '177'),
	(9178, 9, '178'),
	(9179, 9, '179'),
	(9180, 9, '180'),
	(9181, 9, '181'),
	(9182, 9, '182'),
	(9183, 9, '183'),
	(9184, 9, '184'),
	(9185, 9, '185'),
	(9186, 9, '186'),
	(9187, 9, '187'),
	(9188, 9, '188'),
	(9189, 9, '189'),
	(9190, 9, '190'),
	(9191, 9, '191'),
	(9192, 9, '192'),
	(9193, 9, '193'),
	(9194, 9, '194'),
	(9195, 9, '195'),
	(9196, 9, '196'),
	(9197, 9, '197'),
	(9198, 9, '198'),
	(9199, 9, '199'),
	(9200, 9, '200'),
	(9201, 9, '201'),
	(9202, 9, '202'),
	(9203, 9, '203'),
	(9204, 9, '204'),
	(9205, 9, '205'),
	(9206, 9, '206'),
	(9207, 9, '207'),
	(9208, 9, '208'),
	(9209, 9, '209'),
	(9210, 9, '210'),
	(9211, 9, '211'),
	(9212, 9, '212'),
	(9213, 9, '213'),
	(9214, 9, '214'),
	(9215, 9, '215'),
	(9216, 9, '216'),
	(9217, 9, '217'),
	(9218, 9, '218'),
	(9219, 9, '219'),
	(9220, 9, '220'),
	(9221, 9, '221'),
	(9222, 9, '222'),
	(9223, 9, '223'),
	(9224, 9, '224'),
	(9225, 9, '225'),
	(9226, 9, '226'),
	(9227, 9, '227'),
	(9228, 9, '228'),
	(9229, 9, '229'),
	(9230, 9, '230'),
	(9231, 9, '231'),
	(9232, 9, '232'),
	(9233, 9, '233'),
	(9234, 9, '234'),
	(9235, 9, '235'),
	(9236, 9, '236'),
	(9237, 9, '237'),
	(9238, 9, '238'),
	(9239, 9, '239'),
	(9240, 9, '240'),
	(9241, 9, '241'),
	(9242, 9, '242'),
	(9243, 9, '243'),
	(9244, 9, '244'),
	(9245, 9, '245'),
	(9246, 9, '246'),
	(9247, 9, '247'),
	(9248, 9, '248'),
	(9249, 9, '249'),
	(9250, 9, '250'),
	(9251, 9, '251'),
	(9252, 9, '252'),
	(9253, 9, '253'),
	(9254, 9, '254'),
	(9255, 9, '255'),
	(9256, 9, '256'),
	(9257, 9, '257'),
	(9258, 9, '258'),
	(9259, 9, '259'),
	(9260, 9, '260'),
	(9261, 9, '261'),
	(9262, 9, '262'),
	(9263, 9, '263'),
	(9264, 9, '264'),
	(9265, 9, '265'),
	(9266, 9, '266'),
	(9267, 9, '267'),
	(9268, 9, '268'),
	(9269, 9, '269'),
	(9270, 9, '270'),
	(9271, 9, '271'),
	(9272, 9, '272'),
	(9273, 9, '273'),
	(9274, 9, '274'),
	(9275, 9, '275'),
	(9276, 9, '276'),
	(9277, 9, '277'),
	(9278, 9, '278'),
	(9279, 9, '279'),
	(9280, 9, '280'),
	(9281, 9, '281'),
	(9282, 9, '282'),
	(9283, 9, '283'),
	(9284, 9, '284'),
	(9285, 9, '285'),
	(9286, 9, '286'),
	(9287, 9, '287'),
	(9288, 9, '288'),
	(9289, 9, '289'),
	(9290, 9, '290'),
	(9291, 9, '291'),
	(9292, 9, '292'),
	(9293, 9, '293'),
	(9294, 9, '294'),
	(9295, 9, '295'),
	(9296, 9, '296'),
	(9297, 9, '297'),
	(9298, 9, '298'),
	(9299, 9, '299'),
	(9300, 9, '300'),
	(9301, 9, '301'),
	(9302, 9, '302'),
	(9303, 9, '303'),
	(9304, 9, '304'),
	(9305, 9, '305'),
	(9306, 9, '306'),
	(9307, 9, '307'),
	(9308, 9, '308'),
	(9309, 9, '309'),
	(9310, 9, '310'),
	(9311, 9, '311'),
	(9312, 9, '312'),
	(9313, 9, '313'),
	(9314, 9, '314'),
	(9315, 9, '315'),
	(9316, 9, '316'),
	(9317, 9, '317'),
	(9318, 9, '318'),
	(9319, 9, '319'),
	(9320, 9, '320'),
	(9321, 9, '321'),
	(9322, 9, '322'),
	(9323, 9, '323'),
	(9324, 9, '324'),
	(9325, 9, '325'),
	(9326, 9, '326'),
	(9327, 9, '327'),
	(9328, 9, '328'),
	(9329, 9, '329'),
	(9330, 9, '330'),
	(9331, 9, '331'),
	(9332, 9, '332'),
	(9333, 9, '333'),
	(9334, 9, '334'),
	(9335, 9, '335'),
	(9336, 9, '336'),
	(9337, 9, '337'),
	(9338, 9, '338'),
	(9339, 9, '339'),
	(9340, 9, '340'),
	(9341, 9, '341'),
	(9342, 9, '342'),
	(9343, 9, '343'),
	(9344, 9, '344'),
	(9345, 9, '345'),
	(9346, 9, '346'),
	(9347, 9, '347'),
	(9348, 9, '348'),
	(9349, 9, '349'),
	(9350, 9, '350'),
	(9351, 9, '351'),
	(9352, 9, '352'),
	(9353, 9, '353'),
	(9354, 9, '354'),
	(9355, 9, '355'),
	(9356, 9, '356'),
	(9357, 9, '357'),
	(9358, 9, '358'),
	(9359, 9, '359'),
	(9360, 9, '360'),
	(9361, 9, '361'),
	(9362, 9, '362'),
	(9363, 9, '363'),
	(9364, 9, '364'),
	(9365, 9, '365'),
	(9366, 9, '366'),
	(9367, 9, '367'),
	(9368, 9, '368'),
	(9369, 9, '369'),
	(9370, 9, '370'),
	(9371, 9, '371'),
	(9372, 9, '372'),
	(9373, 9, '373'),
	(9374, 9, '374'),
	(9375, 9, '375'),
	(9376, 9, '376'),
	(9377, 9, '377'),
	(9378, 9, '378'),
	(9379, 9, '379'),
	(9380, 9, '380'),
	(9381, 9, '381'),
	(9382, 9, '382'),
	(9383, 9, '383'),
	(9384, 9, '384'),
	(9385, 9, '385'),
	(9386, 9, '386'),
	(9387, 9, '387'),
	(9388, 9, '388'),
	(9389, 9, '389'),
	(9390, 9, '390'),
	(9391, 9, '391'),
	(10100, 10, '100'),
	(10101, 10, '101'),
	(10102, 10, '102'),
	(10103, 10, '103'),
	(10104, 10, '104'),
	(10105, 10, '105'),
	(10106, 10, '106'),
	(10107, 10, '107'),
	(10108, 10, '108'),
	(10109, 10, '109'),
	(10110, 10, '110'),
	(10111, 10, '111'),
	(10112, 10, '112'),
	(10113, 10, '113'),
	(10114, 10, '114'),
	(10115, 10, '115'),
	(10116, 10, '116'),
	(10117, 10, '117'),
	(10118, 10, '118'),
	(10119, 10, '119'),
	(10120, 10, '120'),
	(10121, 10, '121'),
	(10122, 10, '122'),
	(10123, 10, '123'),
	(10124, 10, '124'),
	(10125, 10, '125'),
	(10126, 10, '126'),
	(10127, 10, '127'),
	(10128, 10, '128'),
	(10129, 10, '129'),
	(10130, 10, '130'),
	(10131, 10, '131'),
	(10132, 10, '132'),
	(10133, 10, '133'),
	(10134, 10, '134'),
	(10135, 10, '135'),
	(10136, 10, '136'),
	(10137, 10, '137'),
	(10138, 10, '138'),
	(10139, 10, '139'),
	(10140, 10, '140'),
	(10141, 10, '141'),
	(10142, 10, '142'),
	(10143, 10, '143'),
	(10144, 10, '144'),
	(10145, 10, '145'),
	(10146, 10, '146'),
	(10147, 10, '147'),
	(10148, 10, '148'),
	(10149, 10, '149'),
	(10150, 10, '150'),
	(10151, 10, '151'),
	(10152, 10, '152'),
	(10153, 10, '153'),
	(10154, 10, '154'),
	(10155, 10, '155'),
	(10156, 10, '156'),
	(10157, 10, '157'),
	(10158, 10, '158'),
	(10159, 10, '159'),
	(10160, 10, '160'),
	(10161, 10, '161'),
	(10162, 10, '162'),
	(10163, 10, '163'),
	(10164, 10, '164'),
	(10165, 10, '165'),
	(10166, 10, '166'),
	(10167, 10, '167'),
	(10168, 10, '168'),
	(10169, 10, '169'),
	(10170, 10, '170'),
	(10171, 10, '171'),
	(10172, 10, '172'),
	(10173, 10, '173'),
	(10174, 10, '174'),
	(10175, 10, '175'),
	(10176, 10, '176'),
	(10177, 10, '177'),
	(10178, 10, '178'),
	(10179, 10, '179'),
	(10180, 10, '180'),
	(10181, 10, '181'),
	(10182, 10, '182'),
	(10183, 10, '183'),
	(10184, 10, '184'),
	(10185, 10, '185'),
	(10186, 10, '186'),
	(10187, 10, '187'),
	(10188, 10, '188'),
	(10189, 10, '189'),
	(10190, 10, '190'),
	(10191, 10, '191'),
	(10192, 10, '192'),
	(10193, 10, '193'),
	(10194, 10, '194'),
	(10195, 10, '195'),
	(10196, 10, '196'),
	(10197, 10, '197'),
	(10198, 10, '198'),
	(10199, 10, '199'),
	(10200, 10, '200'),
	(10201, 10, '201'),
	(10202, 10, '202'),
	(10203, 10, '203'),
	(10204, 10, '204'),
	(10205, 10, '205'),
	(10206, 10, '206'),
	(10207, 10, '207'),
	(10208, 10, '208'),
	(10209, 10, '209'),
	(10210, 10, '210'),
	(10211, 10, '211'),
	(10212, 10, '212'),
	(10213, 10, '213'),
	(10214, 10, '214'),
	(10215, 10, '215'),
	(10216, 10, '216'),
	(10217, 10, '217'),
	(10218, 10, '218'),
	(10219, 10, '219'),
	(10220, 10, '220'),
	(10221, 10, '221'),
	(10222, 10, '222'),
	(10223, 10, '223'),
	(10224, 10, '224'),
	(10225, 10, '225'),
	(10226, 10, '226'),
	(10227, 10, '227'),
	(10228, 10, '228'),
	(10229, 10, '229'),
	(10230, 10, '230'),
	(10231, 10, '231'),
	(10232, 10, '232'),
	(10233, 10, '233'),
	(10234, 10, '234'),
	(10235, 10, '235'),
	(10236, 10, '236'),
	(10237, 10, '237'),
	(10238, 10, '238'),
	(10239, 10, '239'),
	(10240, 10, '240'),
	(10241, 10, '241'),
	(10242, 10, '242'),
	(10243, 10, '243'),
	(10244, 10, '244'),
	(10245, 10, '245'),
	(10246, 10, '246'),
	(10247, 10, '247'),
	(10248, 10, '248'),
	(10249, 10, '249'),
	(10250, 10, '250'),
	(10251, 10, '251'),
	(10252, 10, '252'),
	(10253, 10, '253'),
	(10254, 10, '254'),
	(10255, 10, '255'),
	(10256, 10, '256'),
	(10257, 10, '257'),
	(10258, 10, '258'),
	(10259, 10, '259'),
	(10260, 10, '260'),
	(10261, 10, '261'),
	(10262, 10, '262'),
	(10263, 10, '263'),
	(10264, 10, '264'),
	(10265, 10, '265'),
	(10266, 10, '266'),
	(10267, 10, '267'),
	(10268, 10, '268'),
	(10269, 10, '269'),
	(10270, 10, '270'),
	(10271, 10, '271'),
	(10272, 10, '272'),
	(10273, 10, '273'),
	(10274, 10, '274'),
	(10275, 10, '275'),
	(10276, 10, '276'),
	(10277, 10, '277'),
	(10278, 10, '278'),
	(10279, 10, '279'),
	(10280, 10, '280'),
	(10281, 10, '281'),
	(10282, 10, '282'),
	(10283, 10, '283'),
	(10284, 10, '284'),
	(10285, 10, '285'),
	(10286, 10, '286'),
	(10287, 10, '287'),
	(10288, 10, '288'),
	(10289, 10, '289'),
	(10290, 10, '290'),
	(10291, 10, '291'),
	(10292, 10, '292'),
	(10293, 10, '293'),
	(10294, 10, '294'),
	(10295, 10, '295'),
	(10296, 10, '296'),
	(10297, 10, '297'),
	(10298, 10, '298'),
	(10299, 10, '299'),
	(10300, 10, '300'),
	(10301, 10, '301'),
	(10302, 10, '302'),
	(10303, 10, '303'),
	(10304, 10, '304'),
	(10305, 10, '305'),
	(10306, 10, '306'),
	(10307, 10, '307'),
	(10308, 10, '308'),
	(10309, 10, '309'),
	(10310, 10, '310'),
	(10311, 10, '311'),
	(10312, 10, '312'),
	(10313, 10, '313'),
	(10314, 10, '314'),
	(10315, 10, '315'),
	(10316, 10, '316'),
	(10317, 10, '317'),
	(10318, 10, '318'),
	(10319, 10, '319'),
	(10320, 10, '320'),
	(10321, 10, '321'),
	(10322, 10, '322'),
	(10323, 10, '323'),
	(10324, 10, '324'),
	(10325, 10, '325'),
	(10326, 10, '326'),
	(10327, 10, '327'),
	(10328, 10, '328'),
	(10329, 10, '329'),
	(10330, 10, '330'),
	(10331, 10, '331'),
	(10332, 10, '332'),
	(10333, 10, '333'),
	(10334, 10, '334'),
	(10335, 10, '335'),
	(10336, 10, '336'),
	(10337, 10, '337'),
	(10338, 10, '338'),
	(10339, 10, '339'),
	(10340, 10, '340'),
	(10341, 10, '341'),
	(10342, 10, '342'),
	(10343, 10, '343'),
	(10344, 10, '344'),
	(10345, 10, '345'),
	(10346, 10, '346'),
	(10347, 10, '347'),
	(10348, 10, '348'),
	(10349, 10, '349'),
	(10350, 10, '350'),
	(10351, 10, '351'),
	(10352, 10, '352'),
	(10353, 10, '353'),
	(10354, 10, '354'),
	(10355, 10, '355'),
	(10356, 10, '356'),
	(10357, 10, '357'),
	(10358, 10, '358'),
	(10359, 10, '359'),
	(10360, 10, '360'),
	(10361, 10, '361'),
	(10362, 10, '362'),
	(10363, 10, '363'),
	(10364, 10, '364'),
	(10365, 10, '365'),
	(10366, 10, '366'),
	(10367, 10, '367'),
	(10368, 10, '368'),
	(11110, 11, '0'),
	(11111, 11, '1'),
	(11112, 11, '2'),
	(11113, 11, '3'),
	(11114, 11, '4'),
	(11115, 11, '5'),
	(11116, 11, '6'),
	(11117, 11, '7'),
	(11118, 11, '8'),
	(11119, 11, '9'),
	(12120, 12, '0'),
	(12121, 12, '1'),
	(12122, 12, '2'),
	(12123, 12, '3'),
	(12124, 12, '4'),
	(12125, 12, '5'),
	(12126, 12, '6'),
	(12127, 12, '7'),
	(12128, 12, '8'),
	(12129, 12, '9'),
	(13130, 13, '0'),
	(13131, 13, '1'),
	(13132, 13, '2'),
	(13133, 13, '3'),
	(13134, 13, '4'),
	(13135, 13, '5'),
	(13136, 13, '6'),
	(13137, 13, '7'),
	(13138, 13, '8'),
	(13139, 13, '9'),
	(91699, 9, '1699'),
	(97099, 9, '7099'),
	(105999, 10, '5999'),
	(111110, 11, '10'),
	(111111, 11, '11'),
	(111112, 11, '12'),
	(111113, 11, '13'),
	(111114, 11, '14'),
	(111115, 11, '15'),
	(111116, 11, '16'),
	(111117, 11, '17'),
	(111118, 11, '18'),
	(111119, 11, '19'),
	(111120, 11, '20'),
	(111121, 11, '21'),
	(111122, 11, '22'),
	(111123, 11, '23'),
	(111124, 11, '24'),
	(111125, 11, '25'),
	(111126, 11, '26'),
	(111127, 11, '27'),
	(111128, 11, '28'),
	(111129, 11, '29'),
	(111130, 11, '30'),
	(111131, 11, '31'),
	(111132, 11, '32'),
	(111133, 11, '33'),
	(111134, 11, '34'),
	(111135, 11, '35'),
	(111136, 11, '36'),
	(111137, 11, '37'),
	(111138, 11, '38'),
	(111139, 11, '39'),
	(111140, 11, '40'),
	(111141, 11, '41'),
	(111142, 11, '42'),
	(111143, 11, '43'),
	(111144, 11, '44'),
	(111145, 11, '45'),
	(111146, 11, '46'),
	(111147, 11, '47'),
	(111148, 11, '48'),
	(111149, 11, '49'),
	(111150, 11, '50'),
	(111151, 11, '51'),
	(111152, 11, '52'),
	(111153, 11, '53'),
	(111154, 11, '54'),
	(111155, 11, '55'),
	(111156, 11, '56'),
	(111157, 11, '57'),
	(111158, 11, '58'),
	(111159, 11, '59'),
	(111160, 11, '60'),
	(111161, 11, '61'),
	(111162, 11, '62'),
	(111163, 11, '63'),
	(111164, 11, '64'),
	(111165, 11, '65'),
	(111166, 11, '66'),
	(111167, 11, '67'),
	(111168, 11, '68'),
	(111169, 11, '69'),
	(111170, 11, '70'),
	(111171, 11, '71'),
	(111172, 11, '72'),
	(111173, 11, '73'),
	(111174, 11, '74'),
	(111175, 11, '75'),
	(111176, 11, '76'),
	(111177, 11, '77'),
	(111178, 11, '78'),
	(111179, 11, '79'),
	(111180, 11, '80'),
	(111181, 11, '81'),
	(111182, 11, '82'),
	(111183, 11, '83'),
	(111184, 11, '84');
INSERT INTO "lote" ("loteid", "areaid", "lote") VALUES
	(111185, 11, '85'),
	(111186, 11, '86'),
	(111187, 11, '87'),
	(111188, 11, '88'),
	(111189, 11, '89'),
	(111190, 11, '90'),
	(111191, 11, '91'),
	(111192, 11, '92'),
	(111193, 11, '93'),
	(111194, 11, '94'),
	(111195, 11, '95'),
	(111196, 11, '96'),
	(111197, 11, '97'),
	(111198, 11, '98'),
	(111199, 11, '99'),
	(121210, 12, '10'),
	(121211, 12, '11'),
	(121212, 12, '12'),
	(121213, 12, '13'),
	(121214, 12, '14'),
	(121215, 12, '15'),
	(121216, 12, '16'),
	(121217, 12, '17'),
	(121218, 12, '18'),
	(121219, 12, '19'),
	(121220, 12, '20'),
	(121221, 12, '21'),
	(121222, 12, '22'),
	(121223, 12, '23'),
	(121224, 12, '24'),
	(121225, 12, '25'),
	(121226, 12, '26'),
	(121227, 12, '27'),
	(121228, 12, '28'),
	(121229, 12, '29'),
	(121230, 12, '30'),
	(121231, 12, '31'),
	(121232, 12, '32'),
	(121233, 12, '33'),
	(121234, 12, '34'),
	(121235, 12, '35'),
	(121236, 12, '36'),
	(121237, 12, '37'),
	(121238, 12, '38'),
	(121239, 12, '39'),
	(121240, 12, '40'),
	(121241, 12, '41'),
	(121242, 12, '42'),
	(121243, 12, '43'),
	(121244, 12, '44'),
	(121245, 12, '45'),
	(121246, 12, '46'),
	(121247, 12, '47'),
	(121248, 12, '48'),
	(121249, 12, '49'),
	(121250, 12, '50'),
	(121251, 12, '51'),
	(121252, 12, '52'),
	(121253, 12, '53'),
	(121254, 12, '54'),
	(121255, 12, '55'),
	(121256, 12, '56'),
	(121257, 12, '57'),
	(121258, 12, '58'),
	(121259, 12, '59'),
	(121260, 12, '60'),
	(121261, 12, '61'),
	(121262, 12, '62'),
	(121263, 12, '63'),
	(121264, 12, '64'),
	(121265, 12, '65'),
	(121266, 12, '66'),
	(121267, 12, '67'),
	(121268, 12, '68'),
	(121269, 12, '69'),
	(121270, 12, '70'),
	(121271, 12, '71'),
	(121272, 12, '72'),
	(121273, 12, '73'),
	(121274, 12, '74'),
	(121275, 12, '75'),
	(121276, 12, '76'),
	(121277, 12, '77'),
	(121278, 12, '78'),
	(121279, 12, '79'),
	(121280, 12, '80'),
	(121281, 12, '81'),
	(121282, 12, '82'),
	(121283, 12, '83'),
	(121284, 12, '84'),
	(121285, 12, '85'),
	(121286, 12, '86'),
	(121287, 12, '87'),
	(121288, 12, '88'),
	(121289, 12, '89'),
	(121290, 12, '90'),
	(121291, 12, '91'),
	(121292, 12, '92'),
	(121293, 12, '93'),
	(121294, 12, '94'),
	(121295, 12, '95'),
	(121296, 12, '96'),
	(121297, 12, '97'),
	(121298, 12, '98'),
	(121299, 12, '99'),
	(131310, 13, '10'),
	(131311, 13, '11'),
	(131312, 13, '12'),
	(131313, 13, '13'),
	(131314, 13, '14'),
	(131315, 13, '15'),
	(131316, 13, '16'),
	(131317, 13, '17'),
	(131318, 13, '18'),
	(131319, 13, '19'),
	(131320, 13, '20'),
	(131321, 13, '21'),
	(131322, 13, '22'),
	(131323, 13, '23'),
	(131324, 13, '24'),
	(131325, 13, '25'),
	(131326, 13, '26'),
	(131327, 13, '27'),
	(131328, 13, '28'),
	(131329, 13, '29'),
	(131330, 13, '30'),
	(131331, 13, '31'),
	(131332, 13, '32'),
	(131333, 13, '33'),
	(131334, 13, '34'),
	(131335, 13, '35'),
	(131336, 13, '36'),
	(131337, 13, '37'),
	(131338, 13, '38'),
	(131339, 13, '39'),
	(131340, 13, '40'),
	(131341, 13, '41'),
	(131342, 13, '42'),
	(131343, 13, '43'),
	(131344, 13, '44'),
	(131345, 13, '45'),
	(131346, 13, '46'),
	(131347, 13, '47'),
	(131348, 13, '48'),
	(131349, 13, '49'),
	(131350, 13, '50'),
	(131351, 13, '51'),
	(131352, 13, '52'),
	(131353, 13, '53'),
	(131354, 13, '54'),
	(131355, 13, '55'),
	(131356, 13, '56'),
	(131357, 13, '57'),
	(131358, 13, '58'),
	(131359, 13, '59'),
	(131360, 13, '60'),
	(131361, 13, '61'),
	(131362, 13, '62'),
	(131363, 13, '63'),
	(131364, 13, '64'),
	(131365, 13, '65'),
	(131366, 13, '66'),
	(131367, 13, '67'),
	(131368, 13, '68'),
	(131369, 13, '69'),
	(131370, 13, '70'),
	(131371, 13, '71'),
	(131372, 13, '72'),
	(131373, 13, '73'),
	(131374, 13, '74'),
	(131375, 13, '75'),
	(131376, 13, '76'),
	(131377, 13, '77'),
	(131378, 13, '78'),
	(131379, 13, '79'),
	(131380, 13, '80'),
	(131381, 13, '81'),
	(131382, 13, '82'),
	(131383, 13, '83'),
	(131384, 13, '84'),
	(131385, 13, '85'),
	(131386, 13, '86'),
	(131387, 13, '87'),
	(131388, 13, '88'),
	(131389, 13, '89'),
	(131390, 13, '90'),
	(131391, 13, '91'),
	(131392, 13, '92'),
	(131393, 13, '93'),
	(131394, 13, '94'),
	(131395, 13, '95'),
	(131396, 13, '96'),
	(131397, 13, '97'),
	(131398, 13, '98'),
	(131399, 13, '99'),
	(814299, 8, '14299'),
	(839799, 8, '39799'),
	(916099, 9, '16099'),
	(1111100, 11, '100'),
	(1111101, 11, '101'),
	(1111102, 11, '102'),
	(1111103, 11, '103'),
	(1111104, 11, '104'),
	(1111105, 11, '105'),
	(1111106, 11, '106'),
	(1111107, 11, '107'),
	(1111108, 11, '108'),
	(1111109, 11, '109'),
	(1111110, 11, '110'),
	(1111111, 11, '111'),
	(1111112, 11, '112'),
	(1111113, 11, '113'),
	(1111114, 11, '114'),
	(1111115, 11, '115'),
	(1111116, 11, '116'),
	(1111117, 11, '117'),
	(1111118, 11, '118'),
	(1111119, 11, '119'),
	(1111120, 11, '120'),
	(1111121, 11, '121'),
	(1111122, 11, '122'),
	(1111123, 11, '123'),
	(1111124, 11, '124'),
	(1111125, 11, '125'),
	(1111126, 11, '126'),
	(1111127, 11, '127'),
	(1111128, 11, '128'),
	(1111129, 11, '129'),
	(1111130, 11, '130'),
	(1111131, 11, '131'),
	(1111132, 11, '132'),
	(1111133, 11, '133'),
	(1111134, 11, '134'),
	(1111135, 11, '135'),
	(1111136, 11, '136'),
	(1111137, 11, '137'),
	(1111138, 11, '138'),
	(1111139, 11, '139'),
	(1111140, 11, '140'),
	(1111141, 11, '141'),
	(1111142, 11, '142'),
	(1111143, 11, '143'),
	(1111144, 11, '144'),
	(1111145, 11, '145'),
	(1111146, 11, '146'),
	(1111147, 11, '147'),
	(1111148, 11, '148'),
	(1111149, 11, '149'),
	(1111150, 11, '150'),
	(1111151, 11, '151'),
	(1111152, 11, '152'),
	(1111153, 11, '153'),
	(1111154, 11, '154'),
	(1111155, 11, '155'),
	(1111156, 11, '156'),
	(1111157, 11, '157'),
	(1111158, 11, '158'),
	(1111159, 11, '159'),
	(1111160, 11, '160'),
	(1111161, 11, '161'),
	(1111162, 11, '162'),
	(1111163, 11, '163'),
	(1111164, 11, '164'),
	(1111165, 11, '165'),
	(1111166, 11, '166'),
	(1111167, 11, '167'),
	(1111168, 11, '168'),
	(1111169, 11, '169'),
	(1111170, 11, '170'),
	(1111171, 11, '171'),
	(1111172, 11, '172'),
	(1111173, 11, '173'),
	(1111174, 11, '174'),
	(1111175, 11, '175'),
	(1111176, 11, '176'),
	(1111177, 11, '177'),
	(1111178, 11, '178'),
	(1111179, 11, '179'),
	(1111180, 11, '180'),
	(1111181, 11, '181'),
	(1111182, 11, '182'),
	(1111183, 11, '183'),
	(1111184, 11, '184'),
	(1111185, 11, '185'),
	(1111186, 11, '186'),
	(1111187, 11, '187'),
	(1111188, 11, '188'),
	(1111189, 11, '189'),
	(1111190, 11, '190'),
	(1111191, 11, '191'),
	(1111192, 11, '192'),
	(1111193, 11, '193'),
	(1111194, 11, '194'),
	(1111195, 11, '195'),
	(1111196, 11, '196'),
	(1111197, 11, '197'),
	(1111198, 11, '198'),
	(1111199, 11, '199'),
	(1111200, 11, '200'),
	(1111201, 11, '201'),
	(1111202, 11, '202'),
	(1111203, 11, '203'),
	(1111204, 11, '204'),
	(1111205, 11, '205'),
	(1111206, 11, '206'),
	(1111207, 11, '207'),
	(1111208, 11, '208'),
	(1111209, 11, '209'),
	(1111210, 11, '210'),
	(1111211, 11, '211'),
	(1111212, 11, '212'),
	(1111213, 11, '213'),
	(1111214, 11, '214'),
	(1111215, 11, '215'),
	(1111216, 11, '216'),
	(1111217, 11, '217'),
	(1111218, 11, '218'),
	(1111219, 11, '219'),
	(1111220, 11, '220'),
	(1111221, 11, '221'),
	(1111222, 11, '222'),
	(1111223, 11, '223'),
	(1111224, 11, '224'),
	(1111225, 11, '225'),
	(1111226, 11, '226'),
	(1111227, 11, '227'),
	(1111228, 11, '228'),
	(1111229, 11, '229'),
	(1111230, 11, '230'),
	(1111231, 11, '231'),
	(1111232, 11, '232'),
	(1111233, 11, '233'),
	(1111234, 11, '234'),
	(1111235, 11, '235'),
	(1111236, 11, '236'),
	(1111237, 11, '237'),
	(1111238, 11, '238'),
	(1111239, 11, '239'),
	(1111240, 11, '240'),
	(1111241, 11, '241'),
	(1111242, 11, '242'),
	(1111243, 11, '243'),
	(1111244, 11, '244'),
	(1111245, 11, '245'),
	(1111246, 11, '246'),
	(1111247, 11, '247'),
	(1111248, 11, '248'),
	(1111249, 11, '249'),
	(1111250, 11, '250'),
	(1111251, 11, '251'),
	(1111252, 11, '252'),
	(1111253, 11, '253'),
	(1111254, 11, '254'),
	(1111255, 11, '255'),
	(1111256, 11, '256'),
	(1111257, 11, '257'),
	(1111258, 11, '258'),
	(1111259, 11, '259'),
	(1111260, 11, '260'),
	(1111307, 11, '307'),
	(1212100, 12, '100'),
	(1212101, 12, '101'),
	(1212102, 12, '102'),
	(1212103, 12, '103'),
	(1212104, 12, '104'),
	(1212105, 12, '105'),
	(1212106, 12, '106'),
	(1212107, 12, '107'),
	(1212108, 12, '108'),
	(1212109, 12, '109'),
	(1212110, 12, '110'),
	(1212111, 12, '111'),
	(1212112, 12, '112'),
	(1212113, 12, '113'),
	(1212114, 12, '114'),
	(1212115, 12, '115'),
	(1212116, 12, '116'),
	(1212117, 12, '117'),
	(1212118, 12, '118'),
	(1212119, 12, '119'),
	(1212120, 12, '120'),
	(1212121, 12, '121'),
	(1212122, 12, '122'),
	(1212123, 12, '123'),
	(1212124, 12, '124'),
	(1212125, 12, '125'),
	(1212126, 12, '126'),
	(1212127, 12, '127'),
	(1212128, 12, '128'),
	(1212129, 12, '129'),
	(1212130, 12, '130'),
	(1212131, 12, '131'),
	(1212132, 12, '132'),
	(1212133, 12, '133'),
	(1212134, 12, '134'),
	(1212135, 12, '135'),
	(1212136, 12, '136'),
	(1212137, 12, '137'),
	(1212138, 12, '138'),
	(1212139, 12, '139'),
	(1212140, 12, '140'),
	(1212141, 12, '141'),
	(1212142, 12, '142'),
	(1212143, 12, '143'),
	(1212144, 12, '144'),
	(1212145, 12, '145'),
	(1212146, 12, '146'),
	(1212147, 12, '147'),
	(1212148, 12, '148'),
	(1212149, 12, '149'),
	(1212150, 12, '150'),
	(1212151, 12, '151'),
	(1212152, 12, '152'),
	(1212153, 12, '153'),
	(1212154, 12, '154'),
	(1212155, 12, '155'),
	(1212156, 12, '156'),
	(1212157, 12, '157'),
	(1212158, 12, '158'),
	(1212159, 12, '159'),
	(1212160, 12, '160'),
	(1212161, 12, '161'),
	(1212162, 12, '162'),
	(1212163, 12, '163'),
	(1212164, 12, '164'),
	(1212165, 12, '165'),
	(1212166, 12, '166'),
	(1212167, 12, '167'),
	(1212168, 12, '168'),
	(1212169, 12, '169'),
	(1212170, 12, '170'),
	(1212171, 12, '171'),
	(1212172, 12, '172'),
	(1212173, 12, '173'),
	(1212174, 12, '174'),
	(1212175, 12, '175'),
	(1212176, 12, '176'),
	(1212177, 12, '177'),
	(1212178, 12, '178'),
	(1212179, 12, '179'),
	(1212180, 12, '180'),
	(1212181, 12, '181'),
	(1212182, 12, '182'),
	(1212183, 12, '183'),
	(1212184, 12, '184'),
	(1212185, 12, '185'),
	(1212186, 12, '186'),
	(1212187, 12, '187'),
	(1212188, 12, '188'),
	(1212189, 12, '189'),
	(1212190, 12, '190'),
	(1212191, 12, '191'),
	(1212192, 12, '192'),
	(1212193, 12, '193'),
	(1212194, 12, '194'),
	(1212195, 12, '195'),
	(1212196, 12, '196'),
	(1212197, 12, '197'),
	(1212198, 12, '198'),
	(1212199, 12, '199'),
	(1212200, 12, '200'),
	(1212201, 12, '201'),
	(1212202, 12, '202'),
	(1212203, 12, '203'),
	(1212204, 12, '204'),
	(1212205, 12, '205'),
	(1212206, 12, '206'),
	(1212207, 12, '207'),
	(1212208, 12, '208'),
	(1212209, 12, '209'),
	(1212210, 12, '210'),
	(1212211, 12, '211'),
	(1212212, 12, '212'),
	(1212213, 12, '213'),
	(1212214, 12, '214'),
	(1212215, 12, '215'),
	(1212216, 12, '216'),
	(1212217, 12, '217'),
	(1212218, 12, '218'),
	(1212219, 12, '219'),
	(1212220, 12, '220'),
	(1212221, 12, '221'),
	(1212222, 12, '222'),
	(1212223, 12, '223'),
	(1212224, 12, '224'),
	(1212225, 12, '225'),
	(1212226, 12, '226'),
	(1212227, 12, '227'),
	(1212228, 12, '228'),
	(1212229, 12, '229'),
	(1212230, 12, '230'),
	(1212231, 12, '231'),
	(1212232, 12, '232'),
	(1212233, 12, '233'),
	(1212234, 12, '234'),
	(1212235, 12, '235'),
	(1212236, 12, '236'),
	(1212237, 12, '237'),
	(1212238, 12, '238'),
	(1212239, 12, '239'),
	(1212240, 12, '240'),
	(1212241, 12, '241'),
	(1212242, 12, '242'),
	(1212243, 12, '243'),
	(1212244, 12, '244'),
	(1212245, 12, '245'),
	(1212246, 12, '246'),
	(1212247, 12, '247'),
	(1212248, 12, '248'),
	(1212249, 12, '249'),
	(1212250, 12, '250'),
	(1212251, 12, '251'),
	(1212252, 12, '252'),
	(1212253, 12, '253'),
	(1212254, 12, '254'),
	(1212255, 12, '255'),
	(1212256, 12, '256'),
	(1212257, 12, '257'),
	(1212258, 12, '258'),
	(1212259, 12, '259'),
	(1212260, 12, '260'),
	(1212261, 12, '261'),
	(1212262, 12, '262'),
	(1212263, 12, '263'),
	(1212264, 12, '264'),
	(1212265, 12, '265'),
	(1212266, 12, '266'),
	(1212267, 12, '267'),
	(1212268, 12, '268'),
	(1212269, 12, '269'),
	(1212270, 12, '270'),
	(1212271, 12, '271'),
	(1212272, 12, '272'),
	(1212273, 12, '273'),
	(1212274, 12, '274'),
	(1212275, 12, '275'),
	(1212276, 12, '276'),
	(1212277, 12, '277'),
	(1212278, 12, '278'),
	(1212279, 12, '279'),
	(1212280, 12, '280'),
	(1212281, 12, '281'),
	(1212282, 12, '282'),
	(1212283, 12, '283'),
	(1212284, 12, '284'),
	(1212285, 12, '285'),
	(1212286, 12, '286'),
	(1212287, 12, '287'),
	(1212288, 12, '288'),
	(1212289, 12, '289'),
	(1212290, 12, '290'),
	(1212291, 12, '291'),
	(1212292, 12, '292'),
	(1212293, 12, '293'),
	(1212294, 12, '294'),
	(1212295, 12, '295'),
	(1212296, 12, '296'),
	(1313100, 13, '100'),
	(1313101, 13, '101'),
	(1313102, 13, '102'),
	(1313103, 13, '103'),
	(1313104, 13, '104'),
	(1313105, 13, '105'),
	(1313106, 13, '106'),
	(1313107, 13, '107'),
	(1313108, 13, '108'),
	(1313109, 13, '109'),
	(1313110, 13, '110'),
	(1313111, 13, '111'),
	(1313112, 13, '112'),
	(1313113, 13, '113'),
	(1313114, 13, '114'),
	(1313115, 13, '115'),
	(1313116, 13, '116'),
	(1313117, 13, '117'),
	(1313118, 13, '118'),
	(1313119, 13, '119'),
	(1313120, 13, '120'),
	(1313121, 13, '121'),
	(1313122, 13, '122'),
	(1313123, 13, '123'),
	(1313124, 13, '124'),
	(1313125, 13, '125'),
	(1313126, 13, '126'),
	(1313127, 13, '127'),
	(1313128, 13, '128'),
	(1313129, 13, '129'),
	(1313130, 13, '130'),
	(1313131, 13, '131'),
	(1313132, 13, '132'),
	(1313133, 13, '133'),
	(1313134, 13, '134'),
	(1313135, 13, '135'),
	(1313136, 13, '136'),
	(1313137, 13, '137'),
	(1313138, 13, '138'),
	(1313139, 13, '139'),
	(1313140, 13, '140'),
	(1313141, 13, '141'),
	(1313142, 13, '142'),
	(1313143, 13, '143'),
	(1313144, 13, '144'),
	(1313145, 13, '145'),
	(1313146, 13, '146'),
	(1313147, 13, '147'),
	(1313148, 13, '148'),
	(1313149, 13, '149'),
	(1313150, 13, '150'),
	(1313151, 13, '151'),
	(1313152, 13, '152'),
	(1313153, 13, '153'),
	(1313154, 13, '154'),
	(1313155, 13, '155'),
	(1313156, 13, '156'),
	(1313157, 13, '157'),
	(1313158, 13, '158'),
	(1313159, 13, '159'),
	(1313160, 13, '160'),
	(1313161, 13, '161'),
	(1313162, 13, '162'),
	(1313163, 13, '163'),
	(1313164, 13, '164'),
	(1313165, 13, '165'),
	(1313166, 13, '166'),
	(1313167, 13, '167'),
	(1313168, 13, '168'),
	(1313169, 13, '169'),
	(1313170, 13, '170'),
	(1313171, 13, '171'),
	(1313172, 13, '172'),
	(1313173, 13, '173'),
	(1313174, 13, '174'),
	(1313175, 13, '175'),
	(1313176, 13, '176'),
	(1313177, 13, '177'),
	(1313178, 13, '178'),
	(1313179, 13, '179'),
	(1313180, 13, '180'),
	(1313181, 13, '181'),
	(1313182, 13, '182'),
	(1313183, 13, '183'),
	(1313184, 13, '184'),
	(1313185, 13, '185'),
	(1313186, 13, '186'),
	(1313187, 13, '187'),
	(1313188, 13, '188'),
	(1313189, 13, '189'),
	(1313190, 13, '190'),
	(1313191, 13, '191'),
	(1313192, 13, '192'),
	(1313193, 13, '193'),
	(1313194, 13, '194'),
	(1313195, 13, '195'),
	(1313196, 13, '196'),
	(1313197, 13, '197'),
	(1313198, 13, '198'),
	(1313199, 13, '199'),
	(1313200, 13, '200'),
	(1313201, 13, '201'),
	(1313202, 13, '202'),
	(1313203, 13, '203'),
	(1313204, 13, '204'),
	(1313205, 13, '205'),
	(1313206, 13, '206'),
	(1313207, 13, '207'),
	(1313208, 13, '208'),
	(1313209, 13, '209'),
	(1313210, 13, '210'),
	(1313211, 13, '211'),
	(1313212, 13, '212'),
	(1313213, 13, '213'),
	(1313214, 13, '214'),
	(1313215, 13, '215'),
	(1313216, 13, '216'),
	(1313217, 13, '217'),
	(1313218, 13, '218'),
	(1313219, 13, '219'),
	(1313220, 13, '220'),
	(1313221, 13, '221'),
	(1313222, 13, '222'),
	(1313223, 13, '223'),
	(1313224, 13, '224'),
	(1313225, 13, '225'),
	(1313226, 13, '226'),
	(1313227, 13, '227'),
	(1313228, 13, '228'),
	(1313229, 13, '229'),
	(1313230, 13, '230'),
	(1313231, 13, '231'),
	(1313232, 13, '232'),
	(1313233, 13, '233'),
	(1313234, 13, '234'),
	(1313235, 13, '235'),
	(1313236, 13, '236'),
	(1313237, 13, '237'),
	(1313238, 13, '238'),
	(1313239, 13, '239'),
	(1313558, 13, '558'),
	(1313561, 13, '561'),
	(1313563, 13, '563'),
	(1313564, 13, '564');
/*!40000 ALTER TABLE "lote" ENABLE KEYS */;

-- Volcando estructura para procedimiento bpssgestion.procDocumentoDescripcionList
DELIMITER //
CREATE PROCEDURE procDocumentoDescripcionList
@documentoid BIGINT
AS
BEGIN
	SELECT de.documentoDescripcionid, de.documentoDescripcion, relDD.documentoDescripcionNotas 
	FROM [bpssgestion].[dbo].documento d
	INNER JOIN [bpssgestion].[dbo].relDocumentoDescripcion relDD ON d.documentoId = relDD.documentoId
	INNER JOIN [bpssgestion].[dbo].documentoDescripcion de ON relDD.documentoDescripcionId = de.documentoDescripcionId
	WHERE d.documentoid = @documentoid
END //
DELIMITER ;

-- Volcando estructura para procedimiento bpssgestion.procDocumentoExtendidoList
DELIMITER //
CREATE PROCEDURE procDocumentoExtendidoList
	@areaid BIGINT,
	@loteid BIGINT,
	@documentotipoid BIGINT,
	@documentoestadoid BIGINT,
	@fechainicio DATETIME,
	@fechafin DATETIME,
	@usuarioid BIGINT
AS
BEGIN
	Declare @sql NVARCHAR(MAX)
	SET @sql = 
	'SELECT d.documentoid, d.documentoTipoId, dt.documentoTipo, d.documentoEstadoId, de.documentoEstado, d.fecha, d.areaId, ar.area, d.loteId, lot.lote, d.bloqueado, d.accionusuarioid, usr.usuarionombre, d.accionfecha
	FROM [bpssgestion].[dbo].documento d
	INNER JOIN [bpssgestion].[dbo].documentoTipo dt ON d.documentoTipoId = dt.documentoTipoId
	INNER JOIN [bpssgestion].[dbo].documentoEstado de ON d.documentoEstadoId = de.documentoEstadoId
	INNER JOIN [bpssgestion].[dbo].area ar ON ar.areaid = d.areaId
	INNER JOIN [bpssgestion].[dbo].lote lot ON lot.loteid = d.loteId
	INNER JOIN [bpssgestion].[dbo].usuario usr ON usr.usuarioid = d.accionusuarioid WHERE 1 = 1'
	IF (@areaid <> 0)
	BEGIN
		SET @sql = @sql + ' AND d.areaid = ' + CAST(@areaid AS VARCHAR(MAX))
	END
	IF (@loteid <> 0)
	BEGIN
		SET @sql = @sql + ' AND d.loteid = ' + CAST(@loteid AS VARCHAR(MAX))
	END
	IF (@documentotipoid <> 0)
	BEGIN
		SET @sql = @sql + ' AND d.documentotipoid = ' + CAST(@documentotipoid AS VARCHAR(MAX))
	END
	IF (@documentoestadoid <> 0)
	BEGIN
		SET @sql = @sql + ' AND d.documentoestadoid = ' + CAST(@documentoestadoid AS VARCHAR(MAX))
	END
	IF (@fechainicio <> '1945-09-02 00:00:00' and @fechafin <> '1945-09-02 00:00:00')
	BEGIN
		SET @sql = @sql + ' AND d.fecha BETWEEN ''' + CAST(@fechainicio AS VARCHAR(MAX)) + ''' AND ''' + CAST(@fechafin AS VARCHAR(MAX)) + ''''
	END
		IF (@usuarioid <> 0)
	BEGIN
		SET @sql = @sql + ' AND d.accionusuarioid = ' + CAST(@usuarioid AS VARCHAR(MAX))
	END
	EXEC sp_executesql @sql
END 
//
DELIMITER ;

-- Volcando estructura para procedimiento bpssgestion.procDocumentoExtendidoShow
DELIMITER //
CREATE PROCEDURE procDocumentoExtendidoShow
@documentoid BIGINT
AS
BEGIN

	SELECT d.documentoid, d.documentoTipoId, dt.documentoTipo, d.documentoEstadoId, de.documentoEstado, d.fecha, d.areaId, ar.area, d.loteId, lot.lote, d.bloqueado, d.accionusuarioid, usr.usuario, d.accionfecha
	FROM [bpssgestion].[dbo].documento d
	INNER JOIN [bpssgestion].[dbo].documentoTipo dt ON d.documentoTipoId = dt.documentoTipoId
	INNER JOIN [bpssgestion].[dbo].documentoEstado de ON d.documentoEstadoId = de.documentoEstadoId
	INNER JOIN [bpssgestion].[dbo].area ar ON ar.areaid = d.areaId
	INNER JOIN [bpssgestion].[dbo].lote lot ON lot.loteid = d.loteId
	INNER JOIN [bpssgestion].[dbo].usuario usr ON usr.usuarioid = d.accionusuarioid 

	WHERE d.documentoid = @documentoid
END 
//
DELIMITER ;

-- Volcando estructura para procedimiento bpssgestion.procDocumentoStore
DELIMITER //
CREATE PROCEDURE procDocumentoStore
@documentotipo BIGINT,
@documentoestado BIGINT,
@fecha DATETIME,
@area BIGINT,
@lote BIGINT,
@bloqueado BIGINT,
@accionusuarioid BIGINT,
@accionfecha DATETIME
AS
BEGIN
	DECLARE @idanterior BIGINT
	BEGIN TRANSACTION transacTest
	SELECT @idanterior = MAX(documentoid) FROM [bpssgestion].[dbo].documento d WITH (TABLOCK, HOLDLOCK)
	INSERT INTO documento VALUES (@idanterior + 1, @documentotipo, @documentoestado, @fecha, @area, @lote, @bloqueado, @accionusuarioid, @accionfecha)
	COMMIT TRANSACTION transacTest
	SELECT @idanterior + 1
END 
//
DELIMITER ;

-- Volcando estructura para procedimiento bpssgestion.procLoteList
DELIMITER //
CREATE PROCEDURE procLoteList
	@areaid BIGINT
AS
BEGIN

SELECT l.loteid, l.lote FROM [bpssgestion].[dbo].lote l
WHERE l.areaid = @areaid

END 
//
DELIMITER ;

-- Volcando estructura para procedimiento bpssgestion.procUsuarioActivar
DELIMITER //
CREATE PROCEDURE procUsuarioActivar
	@usuario VARCHAR(50)
AS
BEGIN
		UPDATE usuario SET activo = 1 WHERE usuario = @usuario
		SELECT 'OK'
END //
DELIMITER ;

-- Volcando estructura para procedimiento bpssgestion.procUsuarioCheck
DELIMITER //
CREATE PROCEDURE procUsuarioCheck
	@usuario VARCHAR(50)
AS
BEGIN
	DECLARE @usuarioactivo BIGINT
	DECLARE @usuariologin VARCHAR(50)
	SELECT @usuariologin=u.usuario, @usuarioactivo=u.activo FROM [bpssgestion].[dbo].usuario u
	WHERE u.usuario = @usuario
		IF (@usuariologin = @usuario AND @usuarioactivo= 1)
		BEGIN 
			SELECT 'OK'
		END 
		ELSE
		BEGIN 
			SELECT 'NO'
		END 
END//
DELIMITER ;

-- Volcando estructura para procedimiento bpssgestion.procUsuarioCrear
DELIMITER //
CREATE PROCEDURE procUsuarioCrear
	@usuario VARCHAR(50),
	@clave VARCHAR(50),
	@nombre VARCHAR(200)
AS
BEGIN
		DECLARE @conteo BIGINT 
		DECLARE @clavecrypt VARCHAR(100)
		DECLARE @existente BIGINT 
		SELECT @clavecrypt = sys.fn_varbintohexsubstring(0, HashBytes('SHA1', @clave), 1, 0)
		SELECT @conteo = COUNT(u.usuarioid) + 1 FROM usuario u
		SELECT @existente = COUNT(u.usuarioid) FROM usuario u WHERE u.usuario = @usuario
		IF (@existente = 0)
		BEGIN 
			INSERT INTO usuario VALUES (@conteo, @usuario, @clavecrypt, @nombre, 1, 0, GETDATE())
			SELECT 'OK'
		END 
		ELSE 
		BEGIN 
			SELECT 'NO'
		END 
END //
DELIMITER ;

-- Volcando estructura para procedimiento bpssgestion.procUsuarioDesactivar
DELIMITER //
CREATE PROCEDURE procUsuarioDesactivar
	@usuario VARCHAR(50)
AS
BEGIN
		UPDATE usuario SET activo = 0 WHERE usuario = @usuario
		SELECT 'OK'
END //
DELIMITER ;

-- Volcando estructura para procedimiento bpssgestion.procUsuarioEditar
DELIMITER //
CREATE PROCEDURE procUsuarioEditar
	@usuario VARCHAR(50),
	@clave VARCHAR(50),
	@nombre VARCHAR(200)
AS
BEGIN
		DECLARE @clavecrypt VARCHAR(100)
		DECLARE @existente BIGINT 
		SELECT @existente = COUNT(u.usuarioid) FROM usuario u WHERE u.usuario = @usuario
		IF (@existente = 0)
		BEGIN 
			SELECT 'NO'
		END 
		ELSE 
		BEGIN
			IF (@clave <> '')
			BEGIN 
				SELECT @clavecrypt = sys.fn_varbintohexsubstring(0, HashBytes('SHA1', @clave), 1, 0)
				UPDATE usuario SET clave = @clavecrypt WHERE usuario = @usuario
			END 
			IF (@nombre <> '')
			BEGIN 
				UPDATE usuario SET usuarionombre = @nombre WHERE usuario = @usuario
			END  
			SELECT 'OK'
		END 
END //
DELIMITER ;

-- Volcando estructura para procedimiento bpssgestion.procUsuarioList
DELIMITER //
CREATE PROCEDURE procUsuarioList
	@usuarioid BIGINT,
	@usuario VARCHAR(50),
	@clave VARCHAR(50),
	@accionidusuario BIGINT,
	@accionfecha DATETIME 
AS
BEGIN

IF (@usuarioid IS NOT NULL)
BEGIN
	SELECT u.usuarioid, u.usuario, u.clave, u.accionidusuario, u.accionfecha FROM [bpssgestion].[dbo].usuario u
	WHERE u.usuarioid = @usuarioid
END 
ELSE 
BEGIN
	IF (@usuario IS NOT NULL)
	BEGIN
		SELECT u.usuarioid, u.usuario, u.clave, u.accionidusuario, u.accionfecha FROM [bpssgestion].[dbo].usuario u
		WHERE u.usuario LIKE concat('%', @usuario, '%')
	END
	ELSE 
	BEGIN 
		IF (@accionidusuario IS NOT NULL)
		BEGIN 
			IF (@accionfecha IS NOT NULL)
			BEGIN 
				SELECT u.usuarioid, u.usuario, u.clave, u.accionidusuario, u.accionfecha FROM [bpssgestion].[dbo].usuario u
				WHERE u.accionidusuario = @accionidusuario AND u.accionfecha = @accionfecha
			END 
			ELSE 
			BEGIN
				SELECT u.usuarioid, u.usuario, u.clave, u.accionidusuario, u.accionfecha FROM [bpssgestion].[dbo].usuario u
				WHERE u.accionidusuario = @accionidusuario
			END 
		END 
		ELSE 
		BEGIN
			IF (@accionfecha IS NOT NULL)
			BEGIN 
				SELECT u.usuarioid, u.usuario, u.clave, u.accionidusuario, u.accionfecha FROM [bpssgestion].[dbo].usuario u
				WHERE u.accionfecha = @accionfecha
			END 
			ELSE 
			BEGIN
				SELECT null
			END 		 
		END 
	END 
END

END 
//
DELIMITER ;

-- Volcando estructura para procedimiento bpssgestion.procUsuarioLoginCheck
DELIMITER //
CREATE PROCEDURE procUsuarioLoginCheck
	@usuario VARCHAR(50),
	@clave VARCHAR(50)
AS
BEGIN
	DECLARE @usuarioactivo BIGINT
	DECLARE @usuariologin VARCHAR(50)
	DECLARE @clavecrypt VARCHAR(100)
	SELECT @clavecrypt = sys.fn_varbintohexsubstring(0, HashBytes('SHA1', @clave), 1, 0)
	SELECT @usuariologin=u.usuario, @usuarioactivo=u.activo FROM [bpssgestion].[dbo].usuario u
	WHERE u.usuario = @usuario AND u.clave = @clavecrypt
		IF (@usuariologin = @usuario AND @usuarioactivo= 1)
		BEGIN 
			SELECT 'OK'
		END 
		ELSE
		BEGIN 
			SELECT 'NO'
		END 
END//
DELIMITER ;

-- Volcando estructura para tabla bpssgestion.relDocumentoDescripcion
CREATE TABLE IF NOT EXISTS "relDocumentoDescripcion" (
	"documentoId" BIGINT NULL DEFAULT 'NULL',
	"documentoDescripcionId" BIGINT NULL DEFAULT 'NULL',
	"documentoDescripcionNotas" VARCHAR(max) NULL DEFAULT NULL COLLATE 'SQL_Latin1_General_CP1_CI_AS',
	FOREIGN KEY INDEX "FK__descripcion" ("documentoDescripcionId"),
	FOREIGN KEY INDEX "FK__documento" ("documentoId"),
	CONSTRAINT "FK__descripcion" FOREIGN KEY ("documentoDescripcionId") REFERENCES "documentoDescripcion" ("documentoDescripcionId") ON UPDATE NO_ACTION ON DELETE NO_ACTION,
	CONSTRAINT "FK__documento" FOREIGN KEY ("documentoId") REFERENCES "documento" ("documentoid") ON UPDATE NO_ACTION ON DELETE NO_ACTION
);

-- Volcando datos para la tabla bpssgestion.relDocumentoDescripcion: -1 rows
/*!40000 ALTER TABLE "relDocumentoDescripcion" DISABLE KEYS */;
INSERT INTO "relDocumentoDescripcion" ("documentoId", "documentoDescripcionId", "documentoDescripcionNotas") VALUES
	(7, 1, 'prueba'),
	(7, 6, 'falalala'),
	(13, 1, 'falalalalaa'),
	(14, 1, 'Caído, arreglar'),
	(14, 2, 'Caído, arreglar raffia'),
	(14, 8, 'No cumple su función'),
	(16, 1, 'Prueba');
/*!40000 ALTER TABLE "relDocumentoDescripcion" ENABLE KEYS */;

-- Volcando estructura para tabla bpssgestion.usuario
CREATE TABLE IF NOT EXISTS "usuario" (
	"usuarioid" BIGINT NOT NULL DEFAULT 'NULL',
	"usuario" VARCHAR(50) NULL DEFAULT 'NULL' COLLATE 'SQL_Latin1_General_CP1_CI_AS',
	"clave" VARCHAR(50) NULL DEFAULT 'NULL' COLLATE 'SQL_Latin1_General_CP1_CI_AS',
	"usuarionombre" VARCHAR(200) NULL DEFAULT NULL COLLATE 'SQL_Latin1_General_CP1_CI_AS',
	"activo" BIGINT NULL DEFAULT NULL,
	"accionidusuario" BIGINT NULL DEFAULT 'NULL',
	"accionfecha" DATETIME NULL DEFAULT 'NULL',
	PRIMARY KEY ("usuarioid")
);

-- Volcando datos para la tabla bpssgestion.usuario: -1 rows
/*!40000 ALTER TABLE "usuario" DISABLE KEYS */;
INSERT INTO "usuario" ("usuarioid", "usuario", "clave", "usuarionombre", "activo", "accionidusuario", "accionfecha") VALUES
	(0, 'root', '2be542ba8bfcdf6b32df10ddcb0c3406314bfb83', 'Robot', 1, 0, '1980-01-01 00:00:01.000');
/*!40000 ALTER TABLE "usuario" ENABLE KEYS */;

/*!40101 SET SQL_MODE=IFNULL(@OLD_SQL_MODE, '') */;
/*!40014 SET FOREIGN_KEY_CHECKS=IFNULL(@OLD_FOREIGN_KEY_CHECKS, 1) */;
/*!40101 SET CHARACTER_SET_CLIENT=@OLD_CHARACTER_SET_CLIENT */;
/*!40111 SET SQL_NOTES=IFNULL(@OLD_SQL_NOTES, 1) */;
